"rep","cell","dep","rel","calm_hl","calm_edge","deg","rho_hat","grp"
1,"S_k25_sparse5","null",0,0.539263142016558,0.731153243780923,2,0.571481283077413,1
2,"S_k25_sparse5","null",0,0.719025167057907,0.806234318705225,2,0.516956286028517,1
3,"S_k25_sparse5","null",0,0.276400695382695,0.622460983493843,2,0.514652502365795,0.732447082478769
4,"S_k25_sparse5","null",0,0.672722121819193,0.0930755873844038,2,0.581890980740658,0.615381109315513
5,"S_k25_sparse5","null",0,0.902478311234061,0.457690926773364,2,0.498626041040625,0.384040491164481
6,"S_k25_sparse5","null",0,0.606125621678787,0.825566324102584,2,0.515602547597783,0.323387207971241
7,"S_k25_sparse5","null",0,0.84220530185172,0.695888402338197,2,0.570303033284054,1
8,"S_k25_sparse5","null",0,0.501664896794298,0.433700432970066,2,0.591177813073202,0.772683320439386
9,"S_k25_sparse5","null",0,0.373547736015082,0.627091383988543,2,0.630619271178776,0.903605021088032
10,"S_k25_sparse5","null",0,0.868066590401243,0.57927528658539,2,0.414397781169995,0.878371716213526
11,"S_k25_sparse5","null",0,0.609174869040666,0.884062549874827,2,0.598646305302248,1
12,"S_k25_sparse5","null",0,0.0928109440213076,0.153121922154955,2,0.495606793957193,0.2394797591732
13,"S_k25_sparse5","null",0,0.934028769978799,0.646508488728188,2,0.572364069426101,1
14,"S_k25_sparse5","null",0,0.355920897073575,0.156859533817896,2,0.496510258667756,1
15,"S_k25_sparse5","null",0,0.0596857148336083,0.19806334597054,2,0.495360161565115,0.812208375857475
16,"S_k25_sparse5","null",0,0.274102216255656,0.35755945873518,2,0.605589840153355,1
17,"S_k25_sparse5","null",0,0.0153654928317219,0.181718043363177,2,0.499406727175506,0.591689510730245
18,"S_k25_sparse5","null",0,0.459565975587057,0.0481335663808997,2,0.599734806704491,1
19,"S_k25_sparse5","null",0,0.590835195322762,0.454892773533576,2,0.600144547085867,0.610416218064621
20,"S_k25_sparse5","null",0,0.695660787518579,0.444583698574247,2,0.626400724565683,1
21,"S_k25_sparse5","null",0,0.48208165393677,0.584284624905557,2,0.541055735356403,1
22,"S_k25_sparse5","null",0,0.96536229459893,0.509958225948375,2,0.472837929558245,0.977578507750064
23,"S_k25_sparse5","null",0,0.302447089528772,0.550549304823319,2,0.633695472683653,0.758816975106846
24,"S_k25_sparse5","null",0,0.30608181408279,0.914598653533163,2,0.576581785905274,0.780635776382909
25,"S_k25_sparse5","null",0,0.425742302854295,0.521122844030647,2,0.658048029548338,0.727978182891881
26,"S_k25_sparse5","null",0,0.532734936323153,0.586439426992298,2,0.623272021010231,1
27,"S_k25_sparse5","null",0,0.149951819617878,0.870390058737071,2,0.646120674315278,0.715282178423399
28,"S_k25_sparse5","null",0,0.694788966692005,0.416073072499322,2,0.592851560576131,1
29,"S_k25_sparse5","null",0,0.923125552523638,0.979837673410839,2,0.617414373514275,1
30,"S_k25_sparse5","null",0,0.588665379988089,0.620115199269597,2,0.67578712862338,0.925615960457013
31,"S_k25_sparse5","null",0,0.0652469517354293,0.48053163596401,2,0.492367091901694,1
32,"S_k25_sparse5","null",0,0.779950098379255,0.345315619099836,2,0.610674974955363,1
33,"S_k25_sparse5","null",0,0.327071283826894,0.156316319548093,2,0.476665767738352,0.347051293227394
34,"S_k25_sparse5","null",0,0.78984058827728,0.549171343965342,2,0.571455600011008,1
35,"S_k25_sparse5","null",0,0.0650466970451126,0.125865065797052,2,0.55878776993202,1
36,"S_k25_sparse5","null",0,0.631016266581121,0.44720892003058,2,0.60992603118509,0.643899282208737
37,"S_k25_sparse5","null",0,0.774645103907429,0.559923156021354,2,0.558846575861628,0.791402508589782
38,"S_k25_sparse5","null",0,0.460903280230357,0.821092674850983,2,0.581398639781992,0.422781857837646
39,"S_k25_sparse5","null",0,0.663671091966234,0.511042779850425,2,0.576121713837181,1
40,"S_k25_sparse5","null",0,0.537779988722404,0.975462338106752,2,0.60912765560006,0.71876585205052
41,"S_k25_sparse5","null",0,0.156428167643531,0.860448871186579,2,0.505813072827241,1
42,"S_k25_sparse5","null",0,0.325191202404844,0.661214975272674,2,0.560394200653259,0.580364791384714
43,"S_k25_sparse5","null",0,0.457506677041954,0.408271983646915,2,0.527464235476026,0.438092558952416
44,"S_k25_sparse5","null",0,0.331082958324586,0.853294408305808,2,0.577867693424901,1
45,"S_k25_sparse5","null",0,0.928750737457464,0.65773782637935,2,0.703165088750571,1
46,"S_k25_sparse5","null",0,0.30720977188118,0.440062296759818,2,0.57828740485946,1
47,"S_k25_sparse5","null",0,0.366101925895063,0.498718539614669,2,0.539503911426383,1
48,"S_k25_sparse5","null",0,0.477543221729842,0.442936557595679,2,0.54507152144852,1
49,"S_k25_sparse5","null",0,0.899700438123589,0.2573264287126,2,0.621830921607005,0.880714338689625
50,"S_k25_sparse5","null",0,0.131481891018776,0.484427333838333,2,0.587471046188139,0.816066517177189
51,"S_k25_sparse5","null",0,0.466278245341258,0.536489956212886,2,0.534851268740618,1
52,"S_k25_sparse5","null",0,0.8017965831696,0.720373888553248,2,0.464602683653098,0.68572355218919
53,"S_k25_sparse5","null",0,0.969749667289638,0.965360007756038,2,0.545134665866828,1
54,"S_k25_sparse5","null",0,0.230248375529579,0.816812441818638,2,0.540150392738662,0.571674608742524
55,"S_k25_sparse5","null",0,0.507463343951375,0.46774614310278,2,0.507470375808569,0.799967674461118
56,"S_k25_sparse5","null",0,0.122992710187865,0.654153094705552,2,0.463202386564696,1
57,"S_k25_sparse5","null",0,0.253511285735066,0.196832671044462,2,0.538876979282799,1
58,"S_k25_sparse5","null",0,0.0879159342131961,0.841075925381635,2,0.668233206353634,0.854827134132495
59,"S_k25_sparse5","null",0,0.228029634744825,0.208823651562479,2,0.624270634368219,1
60,"S_k25_sparse5","null",0,0.314579546417802,0.0915122997019283,2,0.540522259403491,0.371791908806268
61,"S_k25_sparse5","null",0,0.116446010442496,0.89122512256427,2,0.56828755344044,1
62,"S_k25_sparse5","null",0,0.200794044419152,0.280465236518641,2,0.545417536533618,0.952516235720329
63,"S_k25_sparse5","null",0,0.0215947611037198,0.8274063010551,2,0.564434093956648,0.491485863686047
64,"S_k25_sparse5","null",0,0.764396143809549,0.446656499130545,2,0.502513631832466,0.724010256599266
65,"S_k25_sparse5","null",0,0.0625460166226181,0.734975050185449,2,0.53659313505578,1
66,"S_k25_sparse5","null",0,0.498997856094701,0.485357331054898,2,0.562202070063777,0.537021951341049
67,"S_k25_sparse5","null",0,0.329550938090971,0.197923611022078,2,0.542868875860065,1
68,"S_k25_sparse5","null",0,0.323167907433085,0.827282004411986,2,0.607046563887035,1
69,"S_k25_sparse5","null",0,0.11278335953805,0.196985357818321,2,0.572674479118479,1
70,"S_k25_sparse5","null",0,0.902053030971856,0.162002974717556,2,0.633491821766402,1
71,"S_k25_sparse5","null",0,0.591848928994109,0.10755556527373,2,0.606545154545955,1
72,"S_k25_sparse5","null",0,0.12442458569678,0.66138781398811,2,0.461542100264607,0.810188446132997
73,"S_k25_sparse5","null",0,0.0402148923544943,0.511416060358069,2,0.56517794256285,0.473180960175649
74,"S_k25_sparse5","null",0,0.612527105815442,0.644716523096581,2,0.593241972790305,0.642307343252489
75,"S_k25_sparse5","null",0,0.0141767625544895,0.386748990756509,2,0.468011249489936,0.653931950520577
76,"S_k25_sparse5","null",0,0.63125946010261,0.19899966033835,2,0.524426105476896,0.886129888541051
77,"S_k25_sparse5","null",0,0.802150916147943,0.353266666336584,2,0.554260187875293,1
78,"S_k25_sparse5","null",0,0.514261500362331,0.854759728856834,2,0.578176971093308,1
79,"S_k25_sparse5","null",0,0.795351682686181,0.339928173850419,2,0.58949054105225,0.149881723602898
80,"S_k25_sparse5","null",0,0.304538497234339,0.0785748261626033,2,0.382225602051998,1
81,"S_k25_sparse5","null",0,0.869403781858162,0.615425620336804,2,0.56895347854448,0.997581815575578
82,"S_k25_sparse5","null",0,0.43977703463145,0.23938467555412,2,0.622902583949012,0.830435255426718
83,"S_k25_sparse5","null",0,0.432146718479946,0.698192453987959,2,0.639253281211486,1
84,"S_k25_sparse5","null",0,0.757137523392316,0.35956977102434,2,0.613072428972381,0.569422648948601
85,"S_k25_sparse5","null",0,0.432547096216591,0.665779705286073,2,0.618830905887234,1
86,"S_k25_sparse5","null",0,0.930835820524919,0.461204977259981,2,0.517257232526236,0.544470052640702
87,"S_k25_sparse5","null",0,0.948702879641474,0.888359465793586,2,0.617067142305487,1
88,"S_k25_sparse5","null",0,0.174407916006392,0.392533646336268,2,0.52793073183685,0.487920275860668
89,"S_k25_sparse5","null",0,0.149868880495879,0.728679350360636,2,0.599538200413706,1
90,"S_k25_sparse5","null",0,0.549644955269285,0.569822869832047,2,0.585596537178766,0.391339043918023
91,"S_k25_sparse5","null",0,0.105795835737885,0.132753927481837,2,0.528751673585643,1
92,"S_k25_sparse5","null",0,0.276903738932397,0.641713672821127,2,0.504732797481306,0.180552758005106
93,"S_k25_sparse5","null",0,0.602155202674167,0.165848365725981,2,0.567682077894102,1
94,"S_k25_sparse5","null",0,0.0401678140997939,0.477958656947622,2,0.622712193211606,1
95,"S_k25_sparse5","null",0,0.0788742605409049,0.969369377198137,2,0.589343453612174,1
96,"S_k25_sparse5","null",0,0.628105257709018,0.290067375093221,2,0.628098128792975,0.56313943064652
97,"S_k25_sparse5","null",0,0.749668307471923,0.29671069394534,2,0.527078085857915,0.514576010903003
98,"S_k25_sparse5","null",0,0.508041129254048,0.743419786794353,2,0.570213680649406,1
99,"S_k25_sparse5","null",0,0.246412970793381,0.277285745634765,2,0.611225054135879,1
100,"S_k25_sparse5","null",0,0.532776841803977,0.951577180561352,2,0.624854173882167,0.867072967201181
101,"S_k25_sparse5","null",0,0.581697879714418,0.282094554658035,2,0.564029513280944,0.883847726077494
102,"S_k25_sparse5","null",0,0.438420005106534,0.553207600709175,2,0.596170705347882,0.97406392996811
103,"S_k25_sparse5","null",0,0.326327755079097,0.615487071312572,2,0.609429803645014,0.510691568992345
104,"S_k25_sparse5","null",0,0.037770181954131,0.643789106133619,2,0.622208129839187,0.348904786279063
105,"S_k25_sparse5","null",0,0.161195946692458,0.093021582001809,2,0.485598285670856,1
106,"S_k25_sparse5","null",0,0.471105418570722,0.271784483091385,2,0.470830698281519,1
107,"S_k25_sparse5","null",0,0.655201516862997,0.859481162686414,2,0.456123588074217,0.785519029385016
108,"S_k25_sparse5","null",0,0.458831159848344,0.153766105532895,2,0.510680675527471,0.867647876143814
109,"S_k25_sparse5","null",0,0.937196935533948,0.2604449114536,2,0.575431289239718,0.947410322035602
110,"S_k25_sparse5","null",0,0.960146595032025,0.692749209228585,2,0.430031280514279,1
111,"S_k25_sparse5","null",0,0.068239494486422,0.723270467113133,2,0.555711014109431,1
112,"S_k25_sparse5","null",0,0.932171290041318,0.918881057336007,2,0.427660593961329,0.755171309443047
113,"S_k25_sparse5","null",0,0.141366220774787,0.617299091277591,2,0.593082435194564,1
114,"S_k25_sparse5","null",0,0.27255851935991,0.170444737293462,2,0.5711563899139,0.626444665154328
115,"S_k25_sparse5","null",0,0.207733384703572,0.132502496078364,2,0.527745925438657,0.85732241071975
116,"S_k25_sparse5","null",0,0.18762462323878,0.110111732743888,2,0.61851858794872,0.492665036061928
117,"S_k25_sparse5","null",0,0.206488528587448,0.86597870066605,2,0.477511809984369,0.663750730510039
118,"S_k25_sparse5","null",0,0.601363262423726,0.566644323875859,2,0.478690260015948,0.600125683456925
119,"S_k25_sparse5","null",0,0.258379336232462,0.828469684071909,2,0.588647713028907,0.53636452539011
120,"S_k25_sparse5","null",0,0.0707738522484935,0.547897286053243,2,0.63025134719607,0.995088709091587
121,"S_k25_sparse5","null",0,0.128959369894923,0.959056953610298,2,0.480020244155987,1
122,"S_k25_sparse5","null",0,0.464837065929949,0.590930027969208,2,0.518069081593538,0.844167028421309
123,"S_k25_sparse5","null",0,0.751390421208472,0.700927166065441,2,0.560570375646059,0.876237296133305
124,"S_k25_sparse5","null",0,0.608014511030988,0.318017225652619,2,0.554506778953371,0.573624525501432
125,"S_k25_sparse5","null",0,0.81105703591996,0.43538528741103,2,0.611771988474814,1
126,"S_k25_sparse5","null",0,0.0830962852907615,0.2839983200419,2,0.512025273029225,1
127,"S_k25_sparse5","null",0,0.514493885498994,0.0538394606378488,2,0.491753342016801,0.525846943186956
128,"S_k25_sparse5","null",0,0.758560305448891,0.976690327139488,2,0.589460396544798,1
129,"S_k25_sparse5","null",0,0.104970353975446,0.0641470420948714,2,0.597006349101892,1
130,"S_k25_sparse5","null",0,0.455865453573501,0.730690924380385,2,0.610854218882625,0.791989643127858
131,"S_k25_sparse5","null",0,0.105396191281436,0.591813968846078,2,0.594395574002258,0.766930972538167
132,"S_k25_sparse5","null",0,0.88284601210796,0.591526186946397,2,0.605869231648709,1
133,"S_k25_sparse5","null",0,0.455413539230193,0.755038889824762,2,0.565714606219839,0.862997512250922
134,"S_k25_sparse5","null",0,0.523547202753115,0.872156175780371,2,0.622488625172807,1
135,"S_k25_sparse5","null",0,0.0135118379886157,0.335948820327835,2,0.511190104091491,0.459482395190172
136,"S_k25_sparse5","null",0,0.182718638776447,0.559021031402216,2,0.63160530897445,0.495572800422211
137,"S_k25_sparse5","null",0,0.0597101518113707,0.768786681677299,2,0.543079971578249,1
138,"S_k25_sparse5","null",0,0.143580666043201,0.893673248398685,2,0.609373594578513,1
139,"S_k25_sparse5","null",0,0.208531920426551,0.927742604322316,2,0.501484062093655,0.842908565167193
140,"S_k25_sparse5","null",0,0.425683858570582,0.966211031279646,2,0.448173379236,0.652165406098908
141,"S_k25_sparse5","null",0,0.264244528529092,0.745002335222535,2,0.563591511186324,0.697435828651304
142,"S_k25_sparse5","null",0,0.935248798175016,0.833369734531228,2,0.576244699840331,0.98023221956567
143,"S_k25_sparse5","null",0,0.0998771548240531,0.367992887938188,2,0.574456100633873,1
144,"S_k25_sparse5","null",0,0.768317219394965,0.752250963526307,2,0.575086416148172,0.891441678604633
145,"S_k25_sparse5","null",0,0.16316191956146,0.832021676454701,2,0.462776135237176,1
146,"S_k25_sparse5","null",0,0.256461598947433,0.379736662360107,2,0.413126228108266,0.874962787600357
147,"S_k25_sparse5","null",0,0.893886452442213,0.634098710471672,2,0.457709692967791,0.948796320644184
148,"S_k25_sparse5","null",0,0.748566528755601,0.471127441174727,2,0.618639655960881,1
149,"S_k25_sparse5","null",0,0.285751143113572,0.514641121002427,2,0.55066736639528,0.742356270242889
150,"S_k25_sparse5","null",0,0.56234075875604,0.364357852069504,2,0.642645873416256,0.983372227764059
151,"S_k25_sparse5","null",0,0.435453332154619,0.220059238193451,2,0.560102103900392,0.29423394117311
152,"S_k25_sparse5","null",0,0.345771437175032,0.0455711852530379,2,0.581744800884824,0.890654122508348
153,"S_k25_sparse5","null",0,0.518707167303051,0.779761860849028,2,0.458856601619046,1
154,"S_k25_sparse5","null",0,0.427626475461292,0.716500835631534,2,0.524195859063563,0.415994357851339
155,"S_k25_sparse5","null",0,0.631351662049881,0.840064238152858,2,0.575022899154469,1
156,"S_k25_sparse5","null",0,0.0903419548636182,0.727637801883495,2,0.551897720772346,1
157,"S_k25_sparse5","null",0,0.082621260071678,0.90547926216508,2,0.503134149869117,1
158,"S_k25_sparse5","null",0,0.416608343986185,0.170441760003328,2,0.5334744654651,1
159,"S_k25_sparse5","null",0,0.512833882203097,0.92373434003299,2,0.582150895279204,1
160,"S_k25_sparse5","null",0,0.792737472285676,0.551434351888212,2,0.525382717195943,0.396527895115517
161,"S_k25_sparse5","null",0,0.00705822718847449,0.132750075967916,2,0.534029301055566,0.980357452622435
162,"S_k25_sparse5","null",0,0.678204777194239,0.521829043501519,2,0.561587054657276,1
163,"S_k25_sparse5","null",0,0.952383867343612,0.188842595673799,2,0.557632655304174,1
164,"S_k25_sparse5","null",0,0.514104830627305,0.649549641158144,2,0.623097096860817,0.843010257144305
165,"S_k25_sparse5","null",0,0.455992266237793,0.167658105329902,2,0.493116679658153,1
166,"S_k25_sparse5","null",0,0.480895722739142,0.814651480575676,2,0.548842358330451,0.794847374140733
167,"S_k25_sparse5","null",0,0.815357613548224,0.933672608792288,2,0.474186791505929,1
168,"S_k25_sparse5","null",0,0.749450953216557,0.815625592431636,2,0.39847787993921,1
169,"S_k25_sparse5","null",0,0.488277819753324,0.295574239415506,2,0.570047878375799,0.908760027960657
170,"S_k25_sparse5","null",0,0.0960810572464048,0.661964054553401,2,0.610526391194893,1
171,"S_k25_sparse5","null",0,0.381020656575423,0.726864432029507,2,0.468391382484747,0.832538609544113
172,"S_k25_sparse5","null",0,0.595221197679229,0.900753292218369,2,0.64501123757709,1
173,"S_k25_sparse5","null",0,0.369180905610769,0.490725070655833,2,0.555474112588566,0.897792200752603
174,"S_k25_sparse5","null",0,0.126689569970119,0.841490138919942,2,0.567519384641819,1
175,"S_k25_sparse5","null",0,0.38324717757697,0.768876044292712,2,0.571464532552588,1
176,"S_k25_sparse5","null",0,0.643693981466081,0.349613032821586,2,0.630043663585245,1
177,"S_k25_sparse5","null",0,0.0787780029856383,0.0670254818287286,2,0.522280176650423,0.964702242475387
178,"S_k25_sparse5","null",0,0.86659147667059,0.755120795656478,2,0.493386694286072,0.97135347073732
179,"S_k25_sparse5","null",0,0.261843346286954,0.681444046720497,2,0.392399247445917,0.931876086419349
180,"S_k25_sparse5","null",0,0.339453329213591,0.820517780853119,2,0.562373803271424,0.676406182374916
181,"S_k25_sparse5","null",0,0.657828597719371,0.992280837475809,2,0.499348219002905,0.942327346173872
182,"S_k25_sparse5","null",0,0.678470079703024,0.393878391918731,2,0.55483878148704,1
183,"S_k25_sparse5","null",0,0.330541679458394,0.328896921347799,2,0.617040010940958,1
184,"S_k25_sparse5","null",0,0.252037269221026,0.818451526168339,2,0.529414491551038,0.838252496162546
185,"S_k25_sparse5","null",0,0.989902424847888,0.565875589588747,2,0.661421349607122,1
186,"S_k25_sparse5","null",0,0.54586057371193,0.221863144686081,2,0.624629723547725,0.802101949054128
187,"S_k25_sparse5","null",0,0.482445014958251,0.881157470632151,2,0.543048164098126,1
188,"S_k25_sparse5","null",0,0.564323189953521,0.598955327357077,2,0.446951883829068,1
189,"S_k25_sparse5","null",0,0.976541765548598,0.34040235547938,2,0.478686541016251,0.831567600790002
190,"S_k25_sparse5","null",0,0.110739789184633,0.776707853694934,2,0.52144989360667,1
191,"S_k25_sparse5","null",0,0.328254780227711,0.0424235247034269,2,0.52725769836351,0.0503230433793569
192,"S_k25_sparse5","null",0,0.766952559973618,0.0924581254441894,2,0.665224153732836,1
193,"S_k25_sparse5","null",0,0.620474795660283,0.50468344991371,2,0.568498598714962,1
194,"S_k25_sparse5","null",0,0.119537737616413,0.770336163832434,2,0.549136857885004,0.749033284569426
195,"S_k25_sparse5","null",0,0.303238442664352,0.271247339784604,2,0.612102003139197,1
196,"S_k25_sparse5","null",0,0.974793777324594,0.70180890882128,2,0.477453532346603,1
197,"S_k25_sparse5","null",0,0.455879077810354,0.10206778845226,2,0.632164576277855,1
198,"S_k25_sparse5","null",0,0.510122518743045,0.210354073811392,2,0.497457750130362,0.580935847147591
199,"S_k25_sparse5","null",0,0.749035181661335,0.988375480930887,2,0.615574552832008,0.747443945063722
200,"S_k25_sparse5","null",0,0.289668082829582,0.718182702174935,2,0.623395152108942,1
201,"S_k25_sparse5","null",0,0.1214814347821,0.540730848106333,2,0.656584650941709,1
202,"S_k25_sparse5","null",0,0.725769567814638,0.0893116123920937,2,0.565351826426591,0.984301114020525
203,"S_k25_sparse5","null",0,0.468363387546838,0.36399716272745,2,0.554161840053192,1
204,"S_k25_sparse5","null",0,0.286180738912541,0.380556571488298,2,0.565167966306642,1
205,"S_k25_sparse5","null",0,0.998343378251958,0.843787471760233,2,0.560783812457866,0.876289851098113
206,"S_k25_sparse5","null",0,0.846796244988779,0.868644449210045,2,0.570000419647463,0.321414383915185
207,"S_k25_sparse5","null",0,0.498320988698987,0.724542057587774,2,0.484272704437954,0.889889681180739
208,"S_k25_sparse5","null",0,0.332245327421468,0.537981913468003,2,0.518002779536592,1
209,"S_k25_sparse5","null",0,0.0836719426977868,0.916633739393322,2,0.669219333442169,0.670440890165905
210,"S_k25_sparse5","null",0,0.656225151616793,0.766998128754501,2,0.426266572749194,1
211,"S_k25_sparse5","null",0,0.518980970865093,0.489337865529313,2,0.549941037958974,1
212,"S_k25_sparse5","null",0,0.895213833039452,0.740025892684733,2,0.614435005833387,1
213,"S_k25_sparse5","null",0,0.310131743918353,0.677681483808441,2,0.713005714017583,1
214,"S_k25_sparse5","null",0,0.484586566387393,0.541402427757358,2,0.555295794302146,0.700156518581401
215,"S_k25_sparse5","null",0,0.538112890262003,0.0747345178899839,2,0.472396646710086,1
216,"S_k25_sparse5","null",0,0.28213205916943,0.3139076724517,2,0.607814824907907,1
217,"S_k25_sparse5","null",0,0.313231271181435,0.0929388219157767,2,0.597299199710151,0.853196803997856
218,"S_k25_sparse5","null",0,0.0542610228857581,0.0760738675069131,2,0.482377072395364,0.78759138328335
219,"S_k25_sparse5","null",0,0.941415091238231,0.879544686512066,2,0.627416740997594,0.765760432302878
220,"S_k25_sparse5","null",0,0.217046201976156,0.359535745289468,2,0.619672501478639,1
221,"S_k25_sparse5","null",0,0.716051327039936,0.954881392148699,2,0.584641721327131,1
222,"S_k25_sparse5","null",0,0.514424891800859,0.158027386391416,2,0.594789240401386,0.864297664277553
223,"S_k25_sparse5","null",0,0.268734467180777,0.180174839622756,2,0.539814048351848,0.989555978178783
224,"S_k25_sparse5","null",0,0.508269921495093,0.359664332911138,2,0.453902431180424,0.907150661176207
225,"S_k25_sparse5","null",0,0.308549997223536,0.979655149784096,2,0.496109831036483,1
226,"S_k25_sparse5","null",0,0.160948703646154,0.664203708472616,2,0.506635204512752,1
227,"S_k25_sparse5","null",0,0.643194873306401,0.616804138113462,2,0.579286747219877,0.980016082806882
228,"S_k25_sparse5","null",0,0.616769889701482,0.520433429374869,2,0.480959100240515,0.945000764496136
229,"S_k25_sparse5","null",0,0.587526478532483,0.599104068336295,2,0.568394729218065,0.499732259958811
230,"S_k25_sparse5","null",0,0.960664497854512,0.608684520146546,2,0.537267622685948,1
231,"S_k25_sparse5","null",0,0.656443651216433,0.727045289321368,2,0.488744480498194,1
232,"S_k25_sparse5","null",0,0.0924379642913045,0.6299860217625,2,0.502661370438224,0.864947185843421
233,"S_k25_sparse5","null",0,0.259573730970331,0.380982098404466,2,0.501628677579829,0.227098763074246
234,"S_k25_sparse5","null",0,0.696939105521221,0.913547656486622,2,0.599107916471341,0.617445598893264
235,"S_k25_sparse5","null",0,0.558786479159693,0.904659677340288,2,0.560407448469335,1
236,"S_k25_sparse5","null",0,0.438722608125395,0.751489588899261,2,0.578025982850779,1
237,"S_k25_sparse5","null",0,0.438602737510613,0.987318346889335,2,0.483097641395815,0.496526292570743
238,"S_k25_sparse5","null",0,0.40193061750733,0.110837840285507,2,0.611315909151563,1
239,"S_k25_sparse5","null",0,0.120393417618491,0.448699825635946,2,0.556015625408177,1
240,"S_k25_sparse5","null",0,0.439992222959049,0.584460641810641,2,0.543904866193074,0.733887702537503
241,"S_k25_sparse5","null",0,0.956330496956578,0.908820316998608,2,0.499749364409885,1
242,"S_k25_sparse5","null",0,0.0330246342780174,0.339367715642255,2,0.489505836847373,1
243,"S_k25_sparse5","null",0,0.445220277966627,0.303998578343718,2,0.530977262143535,1
244,"S_k25_sparse5","null",0,0.738614375314308,0.40750082113442,2,0.582083388749407,0.95177014329154
245,"S_k25_sparse5","null",0,0.974987643248878,0.588576312200752,2,0.564662176085611,1
246,"S_k25_sparse5","null",0,0.830046632415562,0.262558659922269,2,0.565831037264013,1
247,"S_k25_sparse5","null",0,0.602000204233335,0.448546265553493,2,0.569285686108515,0.839794299141558
248,"S_k25_sparse5","null",0,0.386722386009948,0.42843950606566,2,0.595083515176367,1
249,"S_k25_sparse5","null",0,0.448452925317462,0.690522716348673,2,0.501471190508943,0.676464358591877
250,"S_k25_sparse5","null",0,0.856519270321167,0.699936677909351,2,0.505294157567113,1
251,"S_k25_sparse5","null",0,0.021728826116269,0.476048447643151,2,0.517654649295954,0.400376889805417
252,"S_k25_sparse5","null",0,0.337644007639536,0.897256171077667,2,0.645588584962569,1
253,"S_k25_sparse5","null",0,0.230353056785971,0.4559901530997,2,0.546353772348987,1
254,"S_k25_sparse5","null",0,0.433512517713228,0.829815082925908,2,0.691952576858499,1
255,"S_k25_sparse5","null",0,0.780636212206271,0.836010417864286,2,0.424575753919871,1
256,"S_k25_sparse5","null",0,0.0155434578993618,0.704659616153971,2,0.612469117651743,0.797380834285087
257,"S_k25_sparse5","null",0,0.0881396310151745,0.925501260456514,2,0.563164619495051,0.415993727529551
258,"S_k25_sparse5","null",0,0.458696413938561,0.494556413735236,2,0.593209708859629,1
259,"S_k25_sparse5","null",0,0.573816514228064,0.38883176232851,2,0.643337901859897,0.779441548203816
260,"S_k25_sparse5","null",0,0.0629803211673976,0.153785967279818,2,0.6575994868494,1
261,"S_k25_sparse5","null",0,0.240497554314056,0.0971682062286935,2,0.590448355371859,0.894809790236496
262,"S_k25_sparse5","null",0,0.506184119315464,0.917502397366332,2,0.47463120122411,1
263,"S_k25_sparse5","null",0,0.64256391303705,0.447688784785575,2,0.583910891801491,0.459854736754022
264,"S_k25_sparse5","null",0,0.772751795460751,0.949032115864925,2,0.602374883223744,0.993850818265458
265,"S_k25_sparse5","null",0,0.339556920820041,0.367429804750449,2,0.371947489058892,1
266,"S_k25_sparse5","null",0,0.345431134366573,0.719666481260215,2,0.554520633459958,0.682302884006593
267,"S_k25_sparse5","null",0,0.996455604584783,0.56189141541734,2,0.609697378516027,0.812593268487636
268,"S_k25_sparse5","null",0,0.491319061824183,0.260990425102638,2,0.549628764398846,1
269,"S_k25_sparse5","null",0,0.960845904559339,0.845504008237528,2,0.523023221911601,0.583708971142197
270,"S_k25_sparse5","null",0,0.9108082110854,0.628421305613128,2,0.495579881599514,1
271,"S_k25_sparse5","null",0,0.133538458383405,0.99705347246081,2,0.454778853810175,0.417126037786959
272,"S_k25_sparse5","null",0,0.805199124126366,0.605151449514168,2,0.52841520814051,1
273,"S_k25_sparse5","null",0,0.0187764468638157,0.353838891611912,2,0.609741597072005,0.383781157751187
274,"S_k25_sparse5","null",0,0.157316273086642,0.650368984808138,2,0.542906911143632,1
275,"S_k25_sparse5","null",0,0.241080865715536,0.956901787866399,2,0.571894162412112,0.456298022650456
276,"S_k25_sparse5","null",0,0.0768918439411119,0.209344414685627,2,0.529000053738368,1
277,"S_k25_sparse5","null",0,0.610300301655438,0.51764409141261,2,0.606493643924683,1
278,"S_k25_sparse5","null",0,0.789715840145604,0.356595626181469,2,0.540632076730976,1
279,"S_k25_sparse5","null",0,0.53358817569947,0.202700950332322,2,0.449125070209472,1
280,"S_k25_sparse5","null",0,0.954228956781798,0.879415132166987,2,0.528484913244584,1
281,"S_k25_sparse5","null",0,0.9930146153619,0.731316850874495,2,0.660521009382711,0.617022790683395
282,"S_k25_sparse5","null",0,0.332478831369286,0.623715474256244,2,0.577641094699178,0.411307480667603
283,"S_k25_sparse5","null",0,0.88687494590613,0.4139291844985,2,0.429910549296075,0.969296746527907
284,"S_k25_sparse5","null",0,0.122215924933546,0.0135876520524449,2,0.624938861110072,0.156055945551473
285,"S_k25_sparse5","null",0,0.206089339749377,0.174775740977194,2,0.503595594780608,1
286,"S_k25_sparse5","null",0,0.921418725456293,0.538972107452926,2,0.537430615884579,0.901052369430255
287,"S_k25_sparse5","null",0,0.0304514745365821,0.457834161957826,2,0.534125333726166,0.447686982681488
288,"S_k25_sparse5","null",0,0.217214089447126,0.579801810665965,2,0.534320270110451,0.664419205058665
289,"S_k25_sparse5","null",0,0.707254014739832,0.67509577379342,2,0.507764809103561,1
290,"S_k25_sparse5","null",0,0.123881503778964,0.888461242587068,2,0.464593255664783,1
291,"S_k25_sparse5","null",0,0.170000322270667,0.662739768401217,2,0.546246011814263,0.268376106129419
292,"S_k25_sparse5","null",0,0.330957290046245,0.63246366405066,2,0.516421527269895,1
293,"S_k25_sparse5","null",0,0.325799143099263,0.104426868014207,2,0.514579768107521,1
294,"S_k25_sparse5","null",0,0.752122866582046,0.893618588405979,2,0.623995269931222,1
295,"S_k25_sparse5","null",0,0.0319365218941898,0.393104022844195,2,0.638417085327866,1
296,"S_k25_sparse5","null",0,0.711876984680298,0.499286282178502,2,0.556400458043763,0.53997816193668
297,"S_k25_sparse5","null",0,0.542875160590725,0.547113246896755,2,0.4544374711873,0.589611454380797
298,"S_k25_sparse5","null",0,0.0119561798806356,0.00135465777831822,2,0.570948576230901,0.812705052468621
299,"S_k25_sparse5","null",0,0.931609717410413,0.744959843842785,2,0.553998495059064,0.952139826997524
300,"S_k25_sparse5","null",0,0.34703944072593,0.589165412849728,2,0.592759561781838,1
1,"S_k25_sparse5","quadratic",1,0.646406297718236,0.590423947761466,2,0.529504084008922,0.133146063264651
2,"S_k25_sparse5","quadratic",1,0.0938619738516656,0.00117556307866606,2,0.423921215197556,0.0546800527258868
3,"S_k25_sparse5","quadratic",1,0.811545461919639,0.635829561791006,2,0.514535736791106,1
4,"S_k25_sparse5","quadratic",1,0.271619561429249,0.15653173211087,2,0.428112007214327,0.637206746688323
5,"S_k25_sparse5","quadratic",1,0.479531387490387,0.800167928207319,2,0.418950620586913,0.702448894800005
6,"S_k25_sparse5","quadratic",1,0.337082222674672,0.0476369779608138,2,0.429894078970928,0.799501981602601
7,"S_k25_sparse5","quadratic",1,0.235781954408535,0.338572015420524,2,0.41450942392675,0.552818982618439
8,"S_k25_sparse5","quadratic",1,0.177844874266364,0.138708653310002,2,0.395309767927582,0.292618150293898
9,"S_k25_sparse5","quadratic",1,0.190453942847735,0.0212428459049995,2,0.463905063521716,0.605571002947892
10,"S_k25_sparse5","quadratic",1,0.110106985082302,0.360816598125274,2,0.407727666275351,0.353440977793907
11,"S_k25_sparse5","quadratic",1,0.272222004334544,0.48057376404685,2,0.446615066775503,0.707187855750339
12,"S_k25_sparse5","quadratic",1,0.489775151495824,0.0290317462478802,2,0.452002388723073,0.139960507922256
13,"S_k25_sparse5","quadratic",1,0.330048315393592,0.113969707885545,2,0.515260037342823,0.276596620481267
14,"S_k25_sparse5","quadratic",1,0.0483971704283228,0.0112015012352202,2,0.359922783032307,0.210615900192083
15,"S_k25_sparse5","quadratic",1,0.049556515613898,0.0678622528820794,2,0.55314560526737,0.271234826757563
16,"S_k25_sparse5","quadratic",1,0.322625595204431,0.708912510412347,2,0.42866937680333,1
17,"S_k25_sparse5","quadratic",1,0.426747631123627,0.0602287071212738,2,0.423895907695254,1
18,"S_k25_sparse5","quadratic",1,0.0188868223217867,0.00586636041830957,2,0.383447417646793,1
19,"S_k25_sparse5","quadratic",1,0.377985202096981,0.0534408633719176,2,0.325939970510148,0.189931995712293
20,"S_k25_sparse5","quadratic",1,0.616848688652243,0.808710872536008,2,0.268304709474285,0.0405968241870742
21,"S_k25_sparse5","quadratic",1,0.894520771439824,0.818143019459793,2,0.542219551304598,0.771875610050557
22,"S_k25_sparse5","quadratic",1,0.375810976179304,0.594769260682576,2,0.519731587349213,1
23,"S_k25_sparse5","quadratic",1,0.393469663524808,0.0272730589429115,2,0.444475435709731,0.0997740807496752
24,"S_k25_sparse5","quadratic",1,0.012690243949198,0.00171116316158026,2,0.508003508730426,0.593939679839935
25,"S_k25_sparse5","quadratic",1,0.633515055469276,0.110955267420892,2,0.494260416870147,0.227068666040227
26,"S_k25_sparse5","quadratic",1,0.927658614782489,0.826248932642458,2,0.56855144612479,1
27,"S_k25_sparse5","quadratic",1,0.796525277304182,0.730125423252978,2,0.664791282857692,0.466544683455449
28,"S_k25_sparse5","quadratic",1,0.105038517115261,0.00731341733055113,2,0.389519114699549,0.0195904897450538
29,"S_k25_sparse5","quadratic",1,0.458818316250661,0.178067923607005,2,0.580493853646658,0.883160199365326
30,"S_k25_sparse5","quadratic",1,0.327707471785169,0.0655710061149501,2,0.368499438751349,0.696680442496364
31,"S_k25_sparse5","quadratic",1,0.982031583705876,0.349204178571934,2,0.320709031261974,0.00697590058469877
32,"S_k25_sparse5","quadratic",1,0.34325138301947,0.788648538360174,2,0.351549519460339,0.456963590054407
33,"S_k25_sparse5","quadratic",1,0.85666155112766,0.581503700767041,2,0.252427566569652,0.347950859417375
34,"S_k25_sparse5","quadratic",1,0.0711763805540881,0.0535062544146944,2,0.539083994494269,0.674635515286272
35,"S_k25_sparse5","quadratic",1,0.724997646135971,0.32217388395055,2,0.421961033653274,1
36,"S_k25_sparse5","quadratic",1,0.456063969073163,0.426151020317658,2,0.354182409218878,0.332839217847096
37,"S_k25_sparse5","quadratic",1,0.0368600097178445,0.00869224048579686,2,0.45439677066687,0.940339056642927
38,"S_k25_sparse5","quadratic",1,0.12239549837986,0.202382957278854,2,0.441589361908819,0.441118120738775
39,"S_k25_sparse5","quadratic",1,0.00331043435317024,0.0896519357469308,2,0.394111420870445,0.117268383116086
40,"S_k25_sparse5","quadratic",1,0.287384241438119,0.177574026008186,2,0.5607477773684,0.597971868014043
41,"S_k25_sparse5","quadratic",1,0.867303526877118,0.516671806883297,2,0.493207336439396,0.063939304770195
42,"S_k25_sparse5","quadratic",1,0.64457454060106,0.5497781131129,2,0.366929518976974,0.934225278120466
43,"S_k25_sparse5","quadratic",1,0.0340318724994841,0.0591086408481927,2,0.355477780116504,0.425077428719219
44,"S_k25_sparse5","quadratic",1,0.499908538306348,0.719162071858517,2,0.568867120987101,0.779835767471508
45,"S_k25_sparse5","quadratic",1,0.0470778007649918,0.526687551291374,2,0.455552201416489,1
46,"S_k25_sparse5","quadratic",1,0.285993993306847,0.979151090978129,2,0.479695641717923,0.493769326498997
47,"S_k25_sparse5","quadratic",1,0.421298012168681,0.176393593809817,2,0.443325733838838,0.109423840523863
48,"S_k25_sparse5","quadratic",1,0.0682403979260768,0.0476528122953817,2,0.293215148995124,1
49,"S_k25_sparse5","quadratic",1,0.385505029091727,0.612317851227735,2,0.536547584501698,0.0582861804613002
50,"S_k25_sparse5","quadratic",1,0.0600650746201803,0.478357769550813,2,0.450683974445575,0.89288983937105
51,"S_k25_sparse5","quadratic",1,0.0536976635176921,0.14389703923433,2,0.570927960213542,1
52,"S_k25_sparse5","quadratic",1,0.639012533113996,0.54474648251281,2,0.470638728528858,0.222826002698311
53,"S_k25_sparse5","quadratic",1,0.645295614781413,0.112146669400674,2,0.530969424983699,0.638860387471271
54,"S_k25_sparse5","quadratic",1,0.0549112596526931,0.0212719378838699,2,0.488975042298982,0.821268488442641
55,"S_k25_sparse5","quadratic",1,0.710371358029988,0.468918290143481,2,0.336280778888377,0.196610356293318
56,"S_k25_sparse5","quadratic",1,0.578221876270793,0.0517311609242146,2,0.592086740181725,1
57,"S_k25_sparse5","quadratic",1,0.0963872427216845,0.836839242519612,2,0.499417173100532,0.152142789176146
58,"S_k25_sparse5","quadratic",1,0.242450001693697,0.253565924587266,2,0.607631466906196,0.357803491269366
59,"S_k25_sparse5","quadratic",1,0.0597965809687915,0.0796735866421127,2,0.50723425901945,0.282586656255403
60,"S_k25_sparse5","quadratic",1,0.591814722478335,0.983920084888105,2,0.447058468035406,1
61,"S_k25_sparse5","quadratic",1,0.101720143288311,0.704857765994965,2,0.415848810254955,0.297896475793301
62,"S_k25_sparse5","quadratic",1,0.510799370405196,0.0146853681163224,2,0.467364660530963,1
63,"S_k25_sparse5","quadratic",1,0.84612440258189,0.52971569439314,2,0.490491014399125,0.312164533974764
64,"S_k25_sparse5","quadratic",1,0.0706959631784432,0.813515353637569,2,0.451486294120928,0.722561960339204
65,"S_k25_sparse5","quadratic",1,0.0326944307146516,0.0101822382681915,2,0.530647684250516,0.0082454227785862
66,"S_k25_sparse5","quadratic",1,0.71130041381994,0.0336938062185395,2,0.419048428577188,0.167950008860313
67,"S_k25_sparse5","quadratic",1,0.730359702708711,0.358253964973713,2,0.485622654513896,0.115166333736274
68,"S_k25_sparse5","quadratic",1,0.173350033047792,0.0106342866638776,2,0.528893542096766,0.542641433187461
69,"S_k25_sparse5","quadratic",1,0.469313280837082,0.745588478362542,2,0.430925946346645,0.00122441944892415
70,"S_k25_sparse5","quadratic",1,0.102727455804429,0.0341846019700397,2,0.472166262282753,0.0271257250518695
71,"S_k25_sparse5","quadratic",1,0.143057457923557,0.815377649354248,2,0.490028484585554,0.308599606152701
72,"S_k25_sparse5","quadratic",1,0.697642050660189,0.237267322532263,2,0.532104439353841,0.813520610115321
73,"S_k25_sparse5","quadratic",1,0.634790856661239,0.106740514959499,2,0.508050820030598,0.461715506282867
74,"S_k25_sparse5","quadratic",1,0.172376744147013,0.19961010421132,2,0.503775308024885,0.410942688205035
75,"S_k25_sparse5","quadratic",1,0.976926484762861,0.901034924761696,2,0.518461380862044,0.331889338590195
76,"S_k25_sparse5","quadratic",1,0.659483642664361,0.473056825750046,2,0.385137760472123,0.513962118774022
77,"S_k25_sparse5","quadratic",1,0.0691096569547112,0.0856139241338878,2,0.43221005458501,0.329011396551804
78,"S_k25_sparse5","quadratic",1,0.245242835655814,0.137768856790761,2,0.398012222712744,1
79,"S_k25_sparse5","quadratic",1,0.200332090250695,0.0148285568246251,2,0.520134046501773,0.737895193406462
80,"S_k25_sparse5","quadratic",1,0.80028568750597,0.54469659320045,2,0.431999764777129,0.656472123208899
81,"S_k25_sparse5","quadratic",1,0.823231293475239,0.767196070477749,2,0.376397109904441,0.303427105374816
82,"S_k25_sparse5","quadratic",1,0.344665247316853,0.00837634725807312,2,0.515978394153473,0.194382842810026
83,"S_k25_sparse5","quadratic",1,0.280644468025829,0.456120899750274,2,0.707072689447966,0.0218512930353085
84,"S_k25_sparse5","quadratic",1,0.0242966183602094,0.0521065128857513,2,0.512304701563484,0.0878664035081587
85,"S_k25_sparse5","quadratic",1,0.0256704946682507,0.175245027755552,2,0.552549934947936,0.554348438260796
86,"S_k25_sparse5","quadratic",1,0.523227275028319,0.535021564601952,2,0.502834561093076,0.323508616878789
87,"S_k25_sparse5","quadratic",1,0.682306585392031,0.374372009119106,2,0.462179691688295,0.385208431942441
88,"S_k25_sparse5","quadratic",1,0.00894753263128567,0.358126820257747,2,0.416747248246409,0.0503095840228927
89,"S_k25_sparse5","quadratic",1,0.842084819441147,0.875572261758863,2,0.486618474676846,0.343880789346154
90,"S_k25_sparse5","quadratic",1,0.215220536830522,0.0625614100171998,2,0.50643217040077,1
91,"S_k25_sparse5","quadratic",1,0.808858507211541,0.852928431143303,2,0.424648343276833,0.54257005711903
92,"S_k25_sparse5","quadratic",1,0.43012545091515,0.478936710027526,2,0.484247983947221,0.502713188061781
93,"S_k25_sparse5","quadratic",1,0.72548910388971,0.0502023796040816,2,0.582346001538638,0.342395540457745
94,"S_k25_sparse5","quadratic",1,0.00255433742173006,0.00965936105438414,2,0.500950033643754,0.104875181811618
95,"S_k25_sparse5","quadratic",1,0.304480065747572,0.33366835184618,2,0.369804196434369,0.202222160686771
96,"S_k25_sparse5","quadratic",1,0.290381395723424,0.115933536923326,2,0.443228555877858,1
97,"S_k25_sparse5","quadratic",1,0.0990666153759336,0.0364721910118877,2,0.415879376257716,0.756950326727922
98,"S_k25_sparse5","quadratic",1,0.422556311926665,0.286439101473137,2,0.26889284164744,0.473158478872257
99,"S_k25_sparse5","quadratic",1,0.925270268932565,0.443220037747296,2,0.515798889159347,1
100,"S_k25_sparse5","quadratic",1,0.388618236120536,0.133681174199335,2,0.516479318785004,0.32614779092163
101,"S_k25_sparse5","quadratic",1,0.518213760178304,0.135879492346821,2,0.466468155391002,0.938622363531966
102,"S_k25_sparse5","quadratic",1,0.238167870704603,0.459635549892306,2,0.460751412412319,0.0155838120295331
103,"S_k25_sparse5","quadratic",1,0.0509088024076583,0.00348758899364277,2,0.3775439354428,0.777162228787701
104,"S_k25_sparse5","quadratic",1,0.0513505273976665,0.147176554163812,2,0.510731700705354,0.0192813626195871
105,"S_k25_sparse5","quadratic",1,0.550060922386213,0.0774539109139045,2,0.386462737134994,0.140115091258332
106,"S_k25_sparse5","quadratic",1,0.299024521718538,0.822427832892749,2,0.387487714477344,0.997846301579356
107,"S_k25_sparse5","quadratic",1,0.232532687487581,0.00720159942550114,2,0.385511720849537,0.150328312764881
108,"S_k25_sparse5","quadratic",1,0.724194897614293,0.494503768328909,2,0.459237908273577,0.553292744218973
109,"S_k25_sparse5","quadratic",1,0.302902782682493,0.912952776773424,2,0.477399929953977,1
110,"S_k25_sparse5","quadratic",1,0.891054793030485,0.745218585088399,2,0.314133125773013,0.476102597833723
111,"S_k25_sparse5","quadratic",1,0.00376384925873685,0.513175445194033,2,0.564869654075528,0.354747900122379
112,"S_k25_sparse5","quadratic",1,0.175818029134153,0.502769191579527,2,0.518582504989096,0.479944198219502
113,"S_k25_sparse5","quadratic",1,0.965702581813007,0.919023365104744,2,0.478577223438151,0.276850402759881
114,"S_k25_sparse5","quadratic",1,0.129431311807009,0.945881918361665,2,0.510963501203831,0.690257812217294
115,"S_k25_sparse5","quadratic",1,0.702518159752268,0.341044532625769,2,0.56180699361828,1
116,"S_k25_sparse5","quadratic",1,0.0729187035807205,0.00130760960002174,2,0.536783297127728,0.895274631794863
117,"S_k25_sparse5","quadratic",1,0.659780777744757,0.354188050230907,2,0.252494316573259,0.0487511361718864
118,"S_k25_sparse5","quadratic",1,0.486556781377846,0.312307250214616,2,0.500486091072854,1
119,"S_k25_sparse5","quadratic",1,0.737901271653395,0.232793181322555,2,0.270328509227019,0.452215908945091
120,"S_k25_sparse5","quadratic",1,0.221202097159829,0.0955492472189389,2,0.476275880269618,0.200446661701924
121,"S_k25_sparse5","quadratic",1,0.388991249268152,0.846552553929515,2,0.590537530725488,0.0409545777321609
122,"S_k25_sparse5","quadratic",1,0.861330535602595,0.390298656085976,2,0.321295792727964,0.378552302334267
123,"S_k25_sparse5","quadratic",1,0.223789699210351,0.276390055192103,2,0.423286952079913,0.847727297878863
124,"S_k25_sparse5","quadratic",1,0.00323667507017322,0.00180619899792533,2,0.459541221563658,0.447477462475941
125,"S_k25_sparse5","quadratic",1,0.475871485541114,0.24736546283375,2,0.336880677975838,0.386236394936593
126,"S_k25_sparse5","quadratic",1,0.733928998772576,0.682153411754141,2,0.324078602628489,0.187716619097253
127,"S_k25_sparse5","quadratic",1,0.669233974415367,0.772076776434602,2,0.426184202574127,1
128,"S_k25_sparse5","quadratic",1,0.31150952194412,0.455723856648199,2,0.487742903443531,0.380640170677636
129,"S_k25_sparse5","quadratic",1,0.202361156896848,0.00567309705763919,2,0.397922268142224,0.613382710729128
130,"S_k25_sparse5","quadratic",1,0.110648867749263,0.0435858192203602,2,0.368790345514246,0.198868971533394
131,"S_k25_sparse5","quadratic",1,0.0563934052321428,0.0329771176322615,2,0.550196002789807,1
132,"S_k25_sparse5","quadratic",1,0.346866731918594,0.219588731451907,2,0.572540735508272,0.0740217755005537
133,"S_k25_sparse5","quadratic",1,0.223390155180893,0.293019621805675,2,0.462200475014726,0.109047643020656
134,"S_k25_sparse5","quadratic",1,0.505842580606309,0.667728778959125,2,0.521371642639991,0.391482830837773
135,"S_k25_sparse5","quadratic",1,0.777503063189934,0.1179370740386,2,0.191760758386622,0.0670701367509368
136,"S_k25_sparse5","quadratic",1,0.484061102240513,0.157437183539269,2,0.652439473419424,0.0141564801194694
137,"S_k25_sparse5","quadratic",1,0.431855479418291,0.0201143907774779,2,0.573957808067168,0.420462979723277
138,"S_k25_sparse5","quadratic",1,0.402396675408939,0.131878171995721,2,0.420921866179135,0.324933812349649
139,"S_k25_sparse5","quadratic",1,0.904653584988812,0.14991855484562,2,0.314021001655289,0.195897781359508
140,"S_k25_sparse5","quadratic",1,0.762347001980185,0.117391515943137,2,0.506128224227427,0.448785977882531
141,"S_k25_sparse5","quadratic",1,0.563226007932471,0.0413324643999321,2,0.369324264921478,0.27287859188815
142,"S_k25_sparse5","quadratic",1,0.493884556049367,0.756264261399427,2,0.569889350967875,0.51036836351166
143,"S_k25_sparse5","quadratic",1,0.26601427438825,0.010269131576683,2,0.543820508262861,0.19708747140651
144,"S_k25_sparse5","quadratic",1,0.61694134697988,0.859120022160952,2,0.327482992212219,0.709980530198412
145,"S_k25_sparse5","quadratic",1,0.587325875396985,0.428227529039634,2,0.384344504192934,0.393004821004286
146,"S_k25_sparse5","quadratic",1,0.0208471664011866,0.25440249571823,2,0.496555465590302,0.282113777877434
147,"S_k25_sparse5","quadratic",1,0.00939707641073528,0.000975535566017705,2,0.387977516127703,0.311628342098599
148,"S_k25_sparse5","quadratic",1,0.0486642662939354,0.00685109028237463,2,0.481004799498315,0.00678406816818722
149,"S_k25_sparse5","quadratic",1,0.0558470486889526,0.00297440818434291,2,0.58900140725177,0.88403916067412
150,"S_k25_sparse5","quadratic",1,0.682805921430248,0.681544780859462,2,0.592208182934706,0.307438155651894
151,"S_k25_sparse5","quadratic",1,0.766209531714915,0.130144786334237,2,0.457450277209769,0.85310743387971
152,"S_k25_sparse5","quadratic",1,0.0461666974367003,0.03697040030504,2,0.550232378374833,0.0719016861418151
153,"S_k25_sparse5","quadratic",1,0.893840432691018,0.673603720260505,2,0.419768372644642,0.467643845448598
154,"S_k25_sparse5","quadratic",1,0.625887811692701,0.327415583330814,2,0.349699135998307,0.00908775693558739
155,"S_k25_sparse5","quadratic",1,0.489644235745701,0.510771226501308,2,0.183108518295377,0.463694705882819
156,"S_k25_sparse5","quadratic",1,0.643601241861227,0.846377215064504,2,0.511865425404452,0.557888416912298
157,"S_k25_sparse5","quadratic",1,0.379212732794948,0.339329208239301,2,0.368057827106504,0.334860521428488
158,"S_k25_sparse5","quadratic",1,0.00260403617327265,0.0346794914027526,2,0.490236293452829,0.958044984584824
159,"S_k25_sparse5","quadratic",1,0.101889128161288,0.118659097603999,2,0.492680266691371,0.240546749400392
160,"S_k25_sparse5","quadratic",1,0.430195928480248,0.180070434925856,2,0.464791134471865,0.633554321711458
161,"S_k25_sparse5","quadratic",1,0.636681904744328,0.424062373473208,2,0.390577142657011,0.165805292162744
162,"S_k25_sparse5","quadratic",1,0.184732686975889,0.0608171763126714,2,0.278683570877789,0.802282602802493
163,"S_k25_sparse5","quadratic",1,0.391578466421312,0.292800745325565,2,0.538711443407505,0.275344490032833
164,"S_k25_sparse5","quadratic",1,0.0454563574800444,0.193100505083184,2,0.597060159476443,0.71694007590931
165,"S_k25_sparse5","quadratic",1,0.127883970748946,0.0563582564683123,2,0.394634582615928,0.558273999395126
166,"S_k25_sparse5","quadratic",1,0.0994328557802118,0.00595610072160424,2,0.52173581345764,0.0530680850367882
167,"S_k25_sparse5","quadratic",1,0.689710960940377,0.619375023411122,2,0.398566002289823,0.539922147977869
168,"S_k25_sparse5","quadratic",1,0.547441005570423,0.687420911665632,2,0.228886908381342,0.7630741764488
169,"S_k25_sparse5","quadratic",1,0.302973325534232,0.0204223716970702,2,0.185834768278004,0.0962663385651559
170,"S_k25_sparse5","quadratic",1,0.0570353122087885,0.00385531797564642,2,0.471571355966486,0.0232925449322521
171,"S_k25_sparse5","quadratic",1,0.454421118535626,0.536493949725604,2,0.593992830955142,0.183825613958312
172,"S_k25_sparse5","quadratic",1,0.564012774682393,0.184676684311464,2,0.553601217883294,0.106860056381694
173,"S_k25_sparse5","quadratic",1,0.17170660629253,0.790582564348239,2,0.505087531884228,1
174,"S_k25_sparse5","quadratic",1,0.132484352560815,0.0142515787891998,2,0.500761796809628,0.100733011111172
175,"S_k25_sparse5","quadratic",1,0.159822457434773,0.219633507081899,2,0.531924376628373,0.89848989742969
176,"S_k25_sparse5","quadratic",1,0.799888946440781,0.202484367460149,2,0.313086472799578,1
177,"S_k25_sparse5","quadratic",1,0.55520250850233,0.798655408044485,2,0.534593852201374,0.510734919969874
178,"S_k25_sparse5","quadratic",1,0.844780186779861,0.265722772631042,2,0.3140624913746,0.39196033992098
179,"S_k25_sparse5","quadratic",1,0.696715293682258,0.245517256519039,2,0.170517120964958,0.634486390546568
180,"S_k25_sparse5","quadratic",1,0.291093104400413,0.507442910046052,2,0.491169628446327,0.256368171362152
181,"S_k25_sparse5","quadratic",1,0.0535955071088992,0.0392463958621576,2,0.407828145414364,1
182,"S_k25_sparse5","quadratic",1,0.0720361007394641,0.359258639286492,2,0.51439400686519,0.281742859017648
183,"S_k25_sparse5","quadratic",1,0.782212308332664,0.253416589764783,2,0.596871066912503,0.544073958181031
184,"S_k25_sparse5","quadratic",1,0.328816414571367,0.687414801293757,2,0.526843606512629,0.252653352063826
185,"S_k25_sparse5","quadratic",1,0.864819658022237,0.666800445773197,2,0.514015940306444,0.180868619289608
186,"S_k25_sparse5","quadratic",1,0.361618699725163,0.0313084767840741,2,0.33144983262142,0.0986602541335115
187,"S_k25_sparse5","quadratic",1,0.00833431934111517,0.00731717962841616,2,0.35713400630565,0.219066033827018
188,"S_k25_sparse5","quadratic",1,0.519207266697215,0.124999892582354,2,0.458857335571504,0.480650274262286
189,"S_k25_sparse5","quadratic",1,0.930382448751431,0.668999721047192,2,0.379702553837705,0.746239844617801
190,"S_k25_sparse5","quadratic",1,0.397955151501247,0.215748060530842,2,0.412003432045886,0.284761311157667
191,"S_k25_sparse5","quadratic",1,0.0694404701637722,0.948069070665089,2,0.476096146488885,0.451292536632862
192,"S_k25_sparse5","quadratic",1,0.038638816670706,0.00131784009715152,2,0.509128660370015,0.00177188382124904
193,"S_k25_sparse5","quadratic",1,0.917117324186153,0.82465034968336,2,0.400536903165413,1
194,"S_k25_sparse5","quadratic",1,0.341920937671781,0.674353588504735,2,0.582784304285397,0.103986138029103
195,"S_k25_sparse5","quadratic",1,0.649235047643769,0.251642479819513,2,0.556929423045122,0.0156745265550799
196,"S_k25_sparse5","quadratic",1,0.658194558754291,0.0639129344006322,2,0.479362948596889,0.450425088252874
197,"S_k25_sparse5","quadratic",1,0.706794952391716,0.0567284856666668,2,0.595524124103753,0.126110735723932
198,"S_k25_sparse5","quadratic",1,0.766786409442497,0.22798969344618,2,0.486658229253245,0.373100512936554
199,"S_k25_sparse5","quadratic",1,0.260878093008226,0.139880917686914,2,0.659478040048077,0.0856032851304094
200,"S_k25_sparse5","quadratic",1,0.957259245055475,0.431702893561122,2,0.624319173121764,0.335791114679538
201,"S_k25_sparse5","quadratic",1,0.281952616199735,0.0446279918059401,2,0.582098666138994,0.113567008661299
202,"S_k25_sparse5","quadratic",1,0.76440627369616,0.479269684396807,2,0.422353753457266,0.76425058581652
203,"S_k25_sparse5","quadratic",1,0.148534126148462,0.703966439165945,2,0.46466956747652,1
204,"S_k25_sparse5","quadratic",1,0.114955283618915,0.00571039714435528,2,0.651484408083458,1
205,"S_k25_sparse5","quadratic",1,0.638183006697963,0.927172713335572,2,0.485053204038563,0.931892914773794
206,"S_k25_sparse5","quadratic",1,0.763295414833348,0.440947313609027,2,0.426203059392034,0.17548577711115
207,"S_k25_sparse5","quadratic",1,0.436819779711473,0.691904004676897,2,0.564719517756503,0.912578519553503
208,"S_k25_sparse5","quadratic",1,0.234220031205918,0.00316077723839103,2,0.501876952332412,0.204902444422294
209,"S_k25_sparse5","quadratic",1,0.562768997968317,0.765684787461422,2,0.412411496225639,0.149778384610364
210,"S_k25_sparse5","quadratic",1,0.983095317054155,0.79304480363842,2,0.356080940903938,0.536346397469036
211,"S_k25_sparse5","quadratic",1,0.0847744582253316,0.510366341858442,2,0.528078768805144,0.949101826361412
212,"S_k25_sparse5","quadratic",1,0.444537250075546,0.638451737944018,2,0.33207778514996,0.377532317453831
213,"S_k25_sparse5","quadratic",1,0.0835655038513581,0.297120183038433,2,0.494110710252979,0.49624417386008
214,"S_k25_sparse5","quadratic",1,0.154664715086239,0.0584620702503137,2,0.23145669870588,0.383360958259218
215,"S_k25_sparse5","quadratic",1,0.0954671502094044,0.869146709662189,2,0.489391061686245,0.884600244135197
216,"S_k25_sparse5","quadratic",1,0.620642356873044,0.110753300984426,2,0.54298035929485,1
217,"S_k25_sparse5","quadratic",1,0.600571787377776,0.877819995315687,2,0.485891453970785,0.119029508250827
218,"S_k25_sparse5","quadratic",1,0.0937305920240634,0.192177495325285,2,0.441812471858363,0.271669019072348
219,"S_k25_sparse5","quadratic",1,0.832358710005515,0.182754271803916,2,0.432086555007963,0.59491018183656
220,"S_k25_sparse5","quadratic",1,0.754054514327483,0.619653189869442,2,0.49310563232102,0.192553079045966
221,"S_k25_sparse5","quadratic",1,0.750466770851778,0.361463244936075,2,0.412724651491511,0.210017429668376
222,"S_k25_sparse5","quadratic",1,0.304796342350765,0.150215995563533,2,0.441763248689136,0.121916347352034
223,"S_k25_sparse5","quadratic",1,0.397763771412806,0.501069377805521,2,0.307855031932638,0.142109256670162
224,"S_k25_sparse5","quadratic",1,0.35705636441563,0.0984241205721897,2,0.460921894693182,0.237352233148457
225,"S_k25_sparse5","quadratic",1,0.376289900765186,0.385374140881549,2,0.464013019116545,0.411893452865217
226,"S_k25_sparse5","quadratic",1,0.12573668860596,0.24478040593761,2,0.465345520713225,0.513066775489305
227,"S_k25_sparse5","quadratic",1,0.343933827709987,0.204041805573256,2,0.412626948379598,0.558282711437668
228,"S_k25_sparse5","quadratic",1,0.4701324302515,0.26938391600188,2,0.24621957606726,0.356619110298543
229,"S_k25_sparse5","quadratic",1,0.689086170976015,0.187588111325782,2,0.47819747780663,0.778936265035645
230,"S_k25_sparse5","quadratic",1,0.2373813553597,0.259210745543648,2,0.448331165224944,0.546891592637407
231,"S_k25_sparse5","quadratic",1,0.441986748088433,0.654124239012809,2,0.220431319047983,0.557530318145387
232,"S_k25_sparse5","quadratic",1,0.815958680319665,0.884126793953211,2,0.544049952497618,0.0984366848722238
233,"S_k25_sparse5","quadratic",1,0.0476945358360191,0.0137979061226088,2,0.610394762101908,0.303810501162037
234,"S_k25_sparse5","quadratic",1,0.00941373458936456,0.00112061681218734,2,0.421772222159536,0.117834325117418
235,"S_k25_sparse5","quadratic",1,0.150361792437802,0.288621720731406,2,0.464750413789461,0.566079798708601
236,"S_k25_sparse5","quadratic",1,0.131056359122438,0.17823562376689,2,0.398673294114378,0.244728012580625
237,"S_k25_sparse5","quadratic",1,0.498643091933479,0.185750648260324,2,0.482139064575802,0.231681693891763
238,"S_k25_sparse5","quadratic",1,0.100693801854236,0.059701052128638,2,0.381938050030197,0.220651373408317
239,"S_k25_sparse5","quadratic",1,0.184140245089179,0.132178755480828,2,0.469628605674473,0.701494518980263
240,"S_k25_sparse5","quadratic",1,0.845665467970334,0.337183026091358,2,0.350421294948144,0.206113172947529
241,"S_k25_sparse5","quadratic",1,0.0622747317106704,0.0269772476675437,2,0.411983746979647,0.130901981532222
242,"S_k25_sparse5","quadratic",1,0.0281628004060155,0.0965215251648975,2,0.190513475981854,0.135995646621531
243,"S_k25_sparse5","quadratic",1,0.355019579815402,0.731887464614399,2,0.395979157025253,0.281114446155014
244,"S_k25_sparse5","quadratic",1,0.0137068208015643,0.000118084314512101,2,0.501607406913807,0.123700884496803
245,"S_k25_sparse5","quadratic",1,0.0657584832019962,0.0538266795347186,2,0.565738976957319,0.353607876292283
246,"S_k25_sparse5","quadratic",1,0.212339765051752,0.244113203111501,2,0.463158468232478,0.128739831400457
247,"S_k25_sparse5","quadratic",1,0.620273270874209,0.798938259589951,2,0.25221410948022,0.0375772556867129
248,"S_k25_sparse5","quadratic",1,0.313539198312108,0.0198145923068145,2,0.51573222751056,0.24682350803737
249,"S_k25_sparse5","quadratic",1,0.67862024853479,0.373426512274552,2,0.373664577067342,0.0524368137300582
250,"S_k25_sparse5","quadratic",1,0.879418548976444,0.515899232108809,2,0.3529579356106,0.401245959088481
251,"S_k25_sparse5","quadratic",1,0.839334007631654,0.755255674099429,2,0.461884672268081,0.299880224205182
252,"S_k25_sparse5","quadratic",1,0.205437227053912,0.373119791487345,2,0.433684343222105,0.307792656683473
253,"S_k25_sparse5","quadratic",1,0.275046017124971,0.757217173260333,2,0.554331437309601,0.446996333747293
254,"S_k25_sparse5","quadratic",1,0.503053563639222,0.538679802263515,2,0.582410079969581,0.428585896590655
255,"S_k25_sparse5","quadratic",1,0.776843610639222,0.525676855593027,2,0.424752338791192,0.00917005189949194
256,"S_k25_sparse5","quadratic",1,0.0712025496584501,0.0071429435210898,2,0.415173291291451,0.0301792402629
257,"S_k25_sparse5","quadratic",1,0.624503877720764,0.414340262126676,2,0.225475217525118,0.414708267090514
258,"S_k25_sparse5","quadratic",1,0.461081674532143,0.0642367464841673,2,0.464417785384771,0.0983868575833637
259,"S_k25_sparse5","quadratic",1,0.0862490425581089,0.00871229285174213,2,0.679648697500626,0.0264291649718902
260,"S_k25_sparse5","quadratic",1,0.991106964163935,0.731988449860541,2,0.5379339813688,0.430230082951796
261,"S_k25_sparse5","quadratic",1,0.76385566472793,0.194409597987534,2,0.432061819809538,0.441623461620495
262,"S_k25_sparse5","quadratic",1,0.562925592275271,0.209676570923874,2,0.350798630457187,0.255156401437522
263,"S_k25_sparse5","quadratic",1,0.19021655617538,0.679637682858356,2,0.566066465400549,0.750714119180833
264,"S_k25_sparse5","quadratic",1,0.875445884509843,0.183738102866665,2,0.435279468291104,0.0154130522822447
265,"S_k25_sparse5","quadratic",1,0.293845294546417,0.310637040281974,2,0.184485976297902,0.15970738777029
266,"S_k25_sparse5","quadratic",1,0.0653194399684699,0.0148659745314749,2,0.388592768681861,0.429035943474625
267,"S_k25_sparse5","quadratic",1,0.288888025941129,0.504953740629478,2,0.435150370144401,0.453636352744514
268,"S_k25_sparse5","quadratic",1,0.363866061675811,0.0773806316147694,2,0.323818484327291,0.12703546685194
269,"S_k25_sparse5","quadratic",1,0.51204194112532,0.12155912814604,2,0.458101386731889,0.192594583292677
270,"S_k25_sparse5","quadratic",1,0.773924705855295,0.158806259168959,2,0.435052024800774,1
271,"S_k25_sparse5","quadratic",1,0.761537668576545,0.334382547888558,2,0.609846282116111,0.364787198479762
272,"S_k25_sparse5","quadratic",1,0.155032623623202,0.0898855147904316,2,0.550562077159278,0.422028812597056
273,"S_k25_sparse5","quadratic",1,0.99015138890534,0.479142776856744,2,0.522886925935364,0.457704567061361
274,"S_k25_sparse5","quadratic",1,0.0111216006242342,0.000124714329258646,2,0.367010608905535,0.0200051190117512
275,"S_k25_sparse5","quadratic",1,0.792760283375154,0.954433494770477,2,0.459523764415161,0.146390408569008
276,"S_k25_sparse5","quadratic",1,0.155859867402126,0.00805149025352003,2,0.192548715757474,0.215897840570592
277,"S_k25_sparse5","quadratic",1,0.142804127382623,0.450503667875073,2,0.437113103761138,0.902680421764318
278,"S_k25_sparse5","quadratic",1,0.958801815948976,0.64519735742826,2,0.589424754944231,1
279,"S_k25_sparse5","quadratic",1,0.268071971879095,0.479734614569376,2,0.461403289663061,0.745683187274783
280,"S_k25_sparse5","quadratic",1,0.338143228801251,0.0336524322199738,2,0.428120415534015,0.235115916640311
281,"S_k25_sparse5","quadratic",1,0.0257598871739755,0.0234012619504589,2,0.643771314460381,0.239776905593553
282,"S_k25_sparse5","quadratic",1,0.530628219033949,0.266827080568502,2,0.409769653668956,0.909758108577384
283,"S_k25_sparse5","quadratic",1,0.800196007447147,0.524754346194738,2,0.459663235625358,1
284,"S_k25_sparse5","quadratic",1,0.40435422507198,0.93344833100152,2,0.620498929130938,0.33362679569056
285,"S_k25_sparse5","quadratic",1,0.0640663727803278,0.0332854780660194,2,0.451944361099832,0.414615014881772
286,"S_k25_sparse5","quadratic",1,0.763868852870452,0.808242533439309,2,0.271250957047711,0.462707906837494
287,"S_k25_sparse5","quadratic",1,0.00601846245481052,0.050437141045083,2,0.550312215212319,0.11518419531621
288,"S_k25_sparse5","quadratic",1,0.276207778973789,0.0249527516149478,2,0.436539396931046,0.39110153389097
289,"S_k25_sparse5","quadratic",1,0.160535066550374,0.519648862678075,2,0.360040778738717,0.326050932956874
290,"S_k25_sparse5","quadratic",1,0.506078720029005,0.750754158874445,2,0.439025707736969,0.258887418339086
291,"S_k25_sparse5","quadratic",1,0.141366842269658,0.919994895149892,2,0.412864690817544,0.322729916002312
292,"S_k25_sparse5","quadratic",1,0.347203419749829,0.18343447354109,2,0.213712269436094,0.479876028211275
293,"S_k25_sparse5","quadratic",1,0.982534819912894,0.88479352084269,2,0.436837098412318,0.237710760166737
294,"S_k25_sparse5","quadratic",1,0.901847362841572,0.333110039199248,2,0.529007475932225,0.644441904868993
295,"S_k25_sparse5","quadratic",1,0.583606275738688,0.200722792125299,2,0.506895855310627,0.38917173340141
296,"S_k25_sparse5","quadratic",1,0.3042529455738,0.0181895387062598,2,0.572759041307397,0.218142224872052
297,"S_k25_sparse5","quadratic",1,0.774269814143545,0.567812309811202,2,0.530737028795932,0.143241092523848
298,"S_k25_sparse5","quadratic",1,0.933614635284955,0.790021874705343,2,0.299187527457596,0.380148646060922
299,"S_k25_sparse5","quadratic",1,0.839802080900329,0.084962633234804,2,0.500574719705283,1
300,"S_k25_sparse5","quadratic",1,0.78184521039502,0.154685008066059,2,0.646956067702214,0.646904957968468
1,"S_k25_sparse5","offindex",1.5,0.835481500434691,0.727871745436303,2,0.135253802333158,0.155973982369031
2,"S_k25_sparse5","offindex",1.5,0.592589378251163,0.0219871177701936,2,0.104285615411798,0.0042438864320673
3,"S_k25_sparse5","offindex",1.5,0.271577217205361,0.640788641689118,2,0.481826669915927,0.000461756940820068
4,"S_k25_sparse5","offindex",1.5,0.63895853639434,0.952531389573277,2,0.313110740128608,0.00054603921520191
5,"S_k25_sparse5","offindex",1.5,0.0346881065956708,0.12440968343623,2,0.20743224818583,0.0570827456431058
6,"S_k25_sparse5","offindex",1.5,0.257551815025949,0.790093563739645,2,0.308142621131951,3.21602249544473e-05
7,"S_k25_sparse5","offindex",1.5,0.557626266243273,0.637465112814108,2,0.165954373198403,0.00160040589732091
8,"S_k25_sparse5","offindex",1.5,0.920311422187275,0.975754907213928,2,0.225727009344417,0.00122608979845373
9,"S_k25_sparse5","offindex",1.5,0.46458754613751,0.329968940364005,2,0.454092079703085,0.094723850681333
10,"S_k25_sparse5","offindex",1.5,0.531024804161875,0.590799450867898,2,0.0283117675598855,0.00668298598884531
11,"S_k25_sparse5","offindex",1.5,0.425241143056434,0.75600211158654,2,0.460097701591131,0.00501200624661768
12,"S_k25_sparse5","offindex",1.5,0.476191525719419,0.162310973435928,2,0.0998528736050164,0.000345965101969936
13,"S_k25_sparse5","offindex",1.5,0.832446582201345,0.148994172893868,2,0.323452930243224,4.64288060650908e-05
14,"S_k25_sparse5","offindex",1.5,0.78707997016285,0.949931917642137,2,0.181851956546047,0.0747059814605506
15,"S_k25_sparse5","offindex",1.5,0.921477842292416,0.445632473652914,2,0.0995032987088976,0.180456942021646
16,"S_k25_sparse5","offindex",1.5,0.463647563771075,0.28091338968442,2,0.270657370022892,0.135182219665076
17,"S_k25_sparse5","offindex",1.5,0.616237488338299,0.289998490061622,2,0.24152078002267,1.45706199212725e-05
18,"S_k25_sparse5","offindex",1.5,0.427255531065509,0.149393983477215,2,0.374939216919679,0.00688723057783114
19,"S_k25_sparse5","offindex",1.5,0.197836136437282,0.20489301490147,2,0.296034398885338,0.00806356176777556
20,"S_k25_sparse5","offindex",1.5,0.63847963582355,0.802893954003524,2,0.362640019629336,0.0505345387629326
21,"S_k25_sparse5","offindex",1.5,0.123400582973668,0.911433547541243,2,0.286187868903453,0.11371231601511
22,"S_k25_sparse5","offindex",1.5,0.556587951354095,0.547381506126939,2,0.212919419455136,0.00468074476185421
23,"S_k25_sparse5","offindex",1.5,0.881768441283395,0.705018797594116,2,0.254476509812642,0.0768722298129139
24,"S_k25_sparse5","offindex",1.5,0.852370811507924,0.271841267804445,2,0.317528420789473,0.0390860743248012
25,"S_k25_sparse5","offindex",1.5,0.606656614544581,0.817892337715887,2,0.214434462850949,0.0135816255898835
26,"S_k25_sparse5","offindex",1.5,0.141165071160829,0.306263579939334,2,0.287181883093248,5.47724228394664e-06
27,"S_k25_sparse5","offindex",1.5,0.926408505486316,0.278246441450819,2,0.337759728521045,0.00069191647270106
28,"S_k25_sparse5","offindex",1.5,0.813960700227772,0.357858487348586,2,0.183138824042066,0.000350022133818628
29,"S_k25_sparse5","offindex",1.5,0.816066745094231,0.427349377452316,2,0.459662558417446,0.00326647187501661
30,"S_k25_sparse5","offindex",1.5,0.267454854159999,0.589317011308345,2,0.467300892978074,0.00944394497692258
31,"S_k25_sparse5","offindex",1.5,0.0942227779484982,0.227445917927125,2,0.515722585954432,4.94808375117728e-06
32,"S_k25_sparse5","offindex",1.5,0.857048028824044,0.97845707161046,2,0.189990941434285,0.0131340364739323
33,"S_k25_sparse5","offindex",1.5,0.164012103304431,0.950250846538485,2,0.234332851075393,1.47403889640962e-05
34,"S_k25_sparse5","offindex",1.5,0.321990986494468,0.875941810186358,2,0.404748611697046,0.0794752556822276
35,"S_k25_sparse5","offindex",1.5,0.303622739229488,0.94877837043902,2,0.213813783769909,0.00145659520521124
36,"S_k25_sparse5","offindex",1.5,0.789078864670639,0.722018357129429,2,0.317011427396521,0.00646193558561414
37,"S_k25_sparse5","offindex",1.5,0.906487834004358,0.636248485506251,2,0.202237443170703,0.0015809930852102
38,"S_k25_sparse5","offindex",1.5,0.469512697433054,0.759515869161293,2,0.292128748788261,0.00639685558718739
39,"S_k25_sparse5","offindex",1.5,0.796155999647202,0.400010339380802,2,0.421310683863432,0.000311344611167108
40,"S_k25_sparse5","offindex",1.5,0.210033092560112,0.891931845557453,2,0.335050579287764,0.0407655454703173
41,"S_k25_sparse5","offindex",1.5,0.174846966151519,0.165945935088124,2,0.314751610901887,0.0638145875245084
42,"S_k25_sparse5","offindex",1.5,0.374271774175398,0.497196949300666,2,0.457324686698983,0.0373694733767387
43,"S_k25_sparse5","offindex",1.5,0.679906398578682,0.864709254158686,2,0.387838321953808,0.000836327888782851
44,"S_k25_sparse5","offindex",1.5,0.502737487519308,0.464404610443355,2,0.212857679132861,0.175462728627407
45,"S_k25_sparse5","offindex",1.5,0.963613085939989,0.822881774038617,2,0.213144247168883,0.029237729803026
46,"S_k25_sparse5","offindex",1.5,0.300001575906091,0.376397150913746,2,0.332430831339204,0.000304110346865061
47,"S_k25_sparse5","offindex",1.5,0.998080318371097,0.621975818740397,2,0.0814169498767006,0.00178359018209262
48,"S_k25_sparse5","offindex",1.5,0.00856926655929313,0.420450682636363,2,0.268880980591963,0.000137275253693447
49,"S_k25_sparse5","offindex",1.5,0.953906978880286,0.601230585066261,2,0.172325443159134,0.00187059057429195
50,"S_k25_sparse5","offindex",1.5,0.921010577820108,0.461828722283266,2,0.380384363920492,2.50141718827201e-06
51,"S_k25_sparse5","offindex",1.5,0.926056134610336,0.76947937288281,2,0.501554421109382,0.00954050453642208
52,"S_k25_sparse5","offindex",1.5,0.790323729709827,0.26930864770422,2,0.195531451458134,0.00124561737651363
53,"S_k25_sparse5","offindex",1.5,0.442932967013352,0.989712215443363,2,0.422198426582986,0.00268505425029053
54,"S_k25_sparse5","offindex",1.5,0.694246457561749,0.185626828044836,2,0.34615086109565,0.000118226686025569
55,"S_k25_sparse5","offindex",1.5,0.514900937852211,0.819534128685366,2,0.23283536719407,0.000408333383125292
56,"S_k25_sparse5","offindex",1.5,0.747393254534906,0.879743320738293,2,0.0991105487607989,0.00732400962739299
57,"S_k25_sparse5","offindex",1.5,0.488571196129097,0.956288717597889,2,0.108716773638812,0.00296275145852465
58,"S_k25_sparse5","offindex",1.5,0.691450980730395,0.670928744669715,2,0.229982335387273,0.000151890939956045
59,"S_k25_sparse5","offindex",1.5,0.927143493606983,0.459821067138912,2,0.0798580484465321,0.00675819439701031
60,"S_k25_sparse5","offindex",1.5,0.755084201826941,0.998072949105533,2,0.265693907647228,2.4665552131431e-05
61,"S_k25_sparse5","offindex",1.5,0.0112326850100393,0.011887930085633,2,0.216273565275482,7.01962235671871e-07
62,"S_k25_sparse5","offindex",1.5,0.925304846361444,0.919335968534123,2,0.147779889538198,0.00618010959861226
63,"S_k25_sparse5","offindex",1.5,0.804919542153141,0.17996513270309,2,0.310847601853887,0.000668763916676252
64,"S_k25_sparse5","offindex",1.5,0.947431173165255,0.9797212501365,2,0.21366742928289,0.00240464381213212
65,"S_k25_sparse5","offindex",1.5,0.73582198197693,0.174955361228912,2,0.218654647364894,0.000445496184147132
66,"S_k25_sparse5","offindex",1.5,0.29918541130932,0.640621783546528,2,0.315419271484934,0.000606310201432203
67,"S_k25_sparse5","offindex",1.5,0.568188505938978,0.204021198623219,2,0.0812976683048579,0.000310331290307664
68,"S_k25_sparse5","offindex",1.5,0.595178351659561,0.668709057620564,2,0.162645051571054,0.000409561164148586
69,"S_k25_sparse5","offindex",1.5,0.43098180632085,0.095188239623033,2,0.367590266896528,0.0114561911939672
70,"S_k25_sparse5","offindex",1.5,0.688102513445891,0.52895073792805,2,0.23050742033789,0.002016333678724
71,"S_k25_sparse5","offindex",1.5,0.418557475643302,0.127049079274459,2,0.166413789395379,0.00661561702452373
72,"S_k25_sparse5","offindex",1.5,0.25062600483139,0.531579815571872,2,0.216864384826502,0.00778574584329683
73,"S_k25_sparse5","offindex",1.5,0.161106635404069,0.395218012812219,2,0.076756168665279,0.04230862868311
74,"S_k25_sparse5","offindex",1.5,0.304189143447267,0.337211277703685,2,0.0999963229426095,0.00136771473587505
75,"S_k25_sparse5","offindex",1.5,0.383412567468281,0.607443228705753,2,0.38016789586684,0.00199261790206218
76,"S_k25_sparse5","offindex",1.5,0.438594992441691,0.329358944252068,2,0.150167256648772,0.000552449277767542
77,"S_k25_sparse5","offindex",1.5,0.500425918033779,0.104366162428785,2,0.237883955219887,0.000165966605769619
78,"S_k25_sparse5","offindex",1.5,0.468137211513301,0.430403696859648,2,0.142909240718656,0.00314033739920894
79,"S_k25_sparse5","offindex",1.5,0.250613625050869,0.183101767226789,2,0.0568220370252857,0.000551206781221225
80,"S_k25_sparse5","offindex",1.5,0.497403194279488,0.124833737613877,2,0.232936711949688,0.00100098069815258
81,"S_k25_sparse5","offindex",1.5,0.563694861119215,0.172155247578994,2,0.0918524382361517,0.0208233248619185
82,"S_k25_sparse5","offindex",1.5,0.213386217269671,0.571621345323226,2,0.145460222728557,0.0109842216252816
83,"S_k25_sparse5","offindex",1.5,0.595424829326917,0.428317321420578,2,0.485462025431573,0.0699804921171168
84,"S_k25_sparse5","offindex",1.5,0.596479065915064,0.377549946486139,2,0.188541496609269,0.000439322364704786
85,"S_k25_sparse5","offindex",1.5,0.570016800294967,0.905659628733002,2,0.240458134008715,0.00101618661650549
86,"S_k25_sparse5","offindex",1.5,0.602105633443291,0.396182729573729,2,0.224039978631031,0.00133202865989568
87,"S_k25_sparse5","offindex",1.5,0.336821150156065,0.703979027461261,2,0.370466379697917,0.00114360942281722
88,"S_k25_sparse5","offindex",1.5,0.0837094797739182,0.172386321241333,2,0.221251175505045,1.21641404282613e-05
89,"S_k25_sparse5","offindex",1.5,0.248244121675506,0.719021354029031,2,0.542905029615725,0.000409472873377892
90,"S_k25_sparse5","offindex",1.5,0.891904780951394,0.635449664190328,2,0.0550087438818364,0.451598449105972
91,"S_k25_sparse5","offindex",1.5,0.105434529783369,0.816489035467159,2,0.417752004030736,0.228699545598654
92,"S_k25_sparse5","offindex",1.5,0.304690049864622,0.151921110001971,2,0.366852039585572,0.00351971767268622
93,"S_k25_sparse5","offindex",1.5,0.887853942290574,0.554880439912863,2,0.257782891673944,0.0423640902555451
94,"S_k25_sparse5","offindex",1.5,0.973727416402579,0.945295752286729,2,0.0641688776974452,4.72260864237128e-06
95,"S_k25_sparse5","offindex",1.5,0.655368389982935,0.881866051421619,2,0.165601974007303,0.00014393545658864
96,"S_k25_sparse5","offindex",1.5,0.102784633065468,0.0412069770736471,2,0.197036498960578,0.000120711978074839
97,"S_k25_sparse5","offindex",1.5,0.667706634107564,0.836123974021935,2,0.0940540453029389,0.00710544157982129
98,"S_k25_sparse5","offindex",1.5,0.853349961940291,0.340738469274517,2,0.230878400788831,0.000765442642947312
99,"S_k25_sparse5","offindex",1.5,0.961721146488554,0.413718438598161,2,0.164741037467857,0.00204941909572764
100,"S_k25_sparse5","offindex",1.5,0.995805332159617,0.937483421005491,2,0.343230047599479,5.56411949625968e-07
101,"S_k25_sparse5","offindex",1.5,0.184543380225596,0.346487896371666,2,0.326303009096049,0.00275363033857179
102,"S_k25_sparse5","offindex",1.5,0.234109937274339,0.35350071950526,2,0.227006580760697,0.0373687337333835
103,"S_k25_sparse5","offindex",1.5,0.873778053975504,0.499207872214034,2,0.267176285761502,0.0026875885915838
104,"S_k25_sparse5","offindex",1.5,0.681660077343039,0.429792331615616,2,0.25436881237708,0.00194596983214779
105,"S_k25_sparse5","offindex",1.5,0.923648412041258,0.913278127879554,2,0.328017723539357,0.00161655249840953
106,"S_k25_sparse5","offindex",1.5,0.740420034575343,0.75572938965872,2,0.113802829423615,0.00654016857087392
107,"S_k25_sparse5","offindex",1.5,0.418161670864432,0.547380401248103,2,0.0191184575151605,0.00931271432408587
108,"S_k25_sparse5","offindex",1.5,0.693791813746267,0.688752510533065,2,0.199953566033448,0.0533698855463463
109,"S_k25_sparse5","offindex",1.5,0.399242059567496,0.499565103200964,2,0.291962306218354,0.00186393402900897
110,"S_k25_sparse5","offindex",1.5,0.169079064283259,0.171119248309971,2,0.300569336176937,0.00104201283852445
111,"S_k25_sparse5","offindex",1.5,0.234714127076106,0.653882278044712,2,0.160940483176926,0.0292119366802517
112,"S_k25_sparse5","offindex",1.5,0.540953346173755,0.216284419643891,2,0.25586876928166,0.0282762715907454
113,"S_k25_sparse5","offindex",1.5,0.954841330003804,0.440902309091859,2,0.195277960392307,7.76378639146813e-05
114,"S_k25_sparse5","offindex",1.5,0.586024670155686,0.292732907478442,2,0.283627080335185,0.026902020715045
115,"S_k25_sparse5","offindex",1.5,0.789337135084473,0.438966318000749,2,0.411845387250995,0.00557595679123613
116,"S_k25_sparse5","offindex",1.5,0.988508233681567,0.738314041072787,2,0.306291179823642,0.0265441036838756
117,"S_k25_sparse5","offindex",1.5,0.40029431907591,0.158004189088346,2,0.247370325528519,0.00674649710642838
118,"S_k25_sparse5","offindex",1.5,0.732675711143524,0.869442591852248,2,0.164055630340526,0.0395862147799488
119,"S_k25_sparse5","offindex",1.5,0.691568950927346,0.578824564948396,2,0.0219290889482121,5.37257495967225e-05
120,"S_k25_sparse5","offindex",1.5,0.746158661901224,0.6500681237812,2,0.103359507943019,0.00105422145390421
121,"S_k25_sparse5","offindex",1.5,0.538011254925125,0.626298832589323,2,0.355478186071153,0.000980459331856975
122,"S_k25_sparse5","offindex",1.5,0.439314076447906,0.212372127330518,2,0.318322774339889,0.0278076227312312
123,"S_k25_sparse5","offindex",1.5,0.0768451917861037,0.82112879522287,2,0.352351692902334,0.000922321932332881
124,"S_k25_sparse5","offindex",1.5,0.421940954550776,0.77064334831553,2,0.399651135216932,0.00714142569684628
125,"S_k25_sparse5","offindex",1.5,0.536108706358595,0.0718950358552196,2,0.309058083207379,0.0141402415477108
126,"S_k25_sparse5","offindex",1.5,0.502055286580885,0.0975076433642937,2,0.353827593476786,0.00346273523614338
127,"S_k25_sparse5","offindex",1.5,0.623485136535084,0.862444361539334,2,0.103852704605884,0.000220475537477949
128,"S_k25_sparse5","offindex",1.5,0.23551995096322,0.134779359530176,2,0.171855827757381,0.00829063520541684
129,"S_k25_sparse5","offindex",1.5,0.946213346008328,0.454166175228569,2,0.133010857345912,0.00966295598530387
130,"S_k25_sparse5","offindex",1.5,0.334750959985626,0.36777096887992,2,0.246439276797284,0.0189346527666214
131,"S_k25_sparse5","offindex",1.5,0.202559163993486,0.335948591457778,2,0.393966868731158,0.0147767646993811
132,"S_k25_sparse5","offindex",1.5,0.188084438380544,0.32492358047437,2,0.310932414921516,0.092122976493842
133,"S_k25_sparse5","offindex",1.5,0.850715126109172,0.598286765702348,2,0.303486324744005,0.0029327712474696
134,"S_k25_sparse5","offindex",1.5,0.501880584811006,0.995782214371936,2,0.285436891737137,0.00352004573121589
135,"S_k25_sparse5","offindex",1.5,0.604593901991075,0.0798305426233772,2,0.164363946189449,0.0101570510278755
136,"S_k25_sparse5","offindex",1.5,0.951899759504167,0.658739235549276,2,0.22880132544869,0.00039531598640008
137,"S_k25_sparse5","offindex",1.5,0.90788254887582,0.686882774618214,2,0.220600054413651,0.137680805405987
138,"S_k25_sparse5","offindex",1.5,0.554517325905268,0.527998091196565,2,0.33046240187191,0.0140771692635957
139,"S_k25_sparse5","offindex",1.5,0.616583740403992,0.0608463342852225,2,0.26377896413639,0.0630353960027576
140,"S_k25_sparse5","offindex",1.5,0.671942897946666,0.131338914380081,2,0.301657968406808,0.0193943556889413
141,"S_k25_sparse5","offindex",1.5,0.0317997439678187,0.557671400516844,2,0.253304340971426,0.000679537658125007
142,"S_k25_sparse5","offindex",1.5,0.603239182822536,0.287998247094612,2,0.433352704600181,6.57923497868751e-05
143,"S_k25_sparse5","offindex",1.5,0.411038323881344,0.284017567673816,2,0.324219822598232,0.0178967354659569
144,"S_k25_sparse5","offindex",1.5,0.385590176676051,0.772157830875241,2,0.487310968601154,5.43192998536668e-05
145,"S_k25_sparse5","offindex",1.5,0.933785844577006,0.858058111724229,2,0.0717726408087783,0.0530337958088054
146,"S_k25_sparse5","offindex",1.5,0.711694516949611,0.666862092766898,2,0.127647287055505,0.000305372010540594
147,"S_k25_sparse5","offindex",1.5,0.0862132031417981,0.22180558225185,2,0.335030469975916,0.079192035458822
148,"S_k25_sparse5","offindex",1.5,0.255268831636947,0.582177424186583,2,0.42240895159797,0.00641015375536447
149,"S_k25_sparse5","offindex",1.5,0.399237220016933,0.567368002148345,2,0.31375441266255,0.0128863154639725
150,"S_k25_sparse5","offindex",1.5,0.234417200367809,0.155629238793344,2,0.31924931924566,1.28839316611007e-05
151,"S_k25_sparse5","offindex",1.5,0.887478942625431,0.179442713030867,2,0.338966074551606,3.43153951440911e-05
152,"S_k25_sparse5","offindex",1.5,0.0289731727060922,0.105479260511387,2,0.348236237218285,6.20555407060408e-08
153,"S_k25_sparse5","offindex",1.5,0.824348512686117,0.871330269972302,2,0.375951374019696,0.000949755793197893
154,"S_k25_sparse5","offindex",1.5,0.250550846451809,0.567718497550417,2,0.408916216254154,0.0811446606175812
155,"S_k25_sparse5","offindex",1.5,0.0938587029368305,0.587555804268686,2,0.41435323558188,2.65344804257772e-05
156,"S_k25_sparse5","offindex",1.5,0.802098519553623,0.258330805242168,2,0.0735283029967498,0.0126573670648391
157,"S_k25_sparse5","offindex",1.5,0.650503556268917,0.445113878147878,2,0.101331516486938,0.0036462505432151
158,"S_k25_sparse5","offindex",1.5,0.986476253648072,0.972497040985422,2,0.289150005651516,0.00398782499231354
159,"S_k25_sparse5","offindex",1.5,0.966807801762097,0.916406218132156,2,0.125927965157688,0.00169027194609872
160,"S_k25_sparse5","offindex",1.5,0.214435395300747,0.858216714293583,2,0.123298998563932,3.94133780583505e-05
161,"S_k25_sparse5","offindex",1.5,0.673812818795607,0.883155095021939,2,0.00174724726350982,0.00221565737037643
162,"S_k25_sparse5","offindex",1.5,0.70480850195158,0.139790233857731,2,0.15906521064204,4.74174395230786e-05
163,"S_k25_sparse5","offindex",1.5,0.0733439146948178,0.562258237782782,2,0.420186758312924,0.038041260568463
164,"S_k25_sparse5","offindex",1.5,0.198171782320105,0.561653579195657,2,0.23592334354218,0.0031464860365833
165,"S_k25_sparse5","offindex",1.5,0.467097895327721,0.776732464267108,2,0.39349303951012,0.0577338820563345
166,"S_k25_sparse5","offindex",1.5,0.290199859750542,0.972176568807574,2,0.176295098295535,7.63816890874125e-05
167,"S_k25_sparse5","offindex",1.5,0.873699211061191,0.896849430612417,2,0.314424858466208,0.00290443388928097
168,"S_k25_sparse5","offindex",1.5,0.887121536482939,0.88205214369866,2,0.154961774529043,0.0254333148209178
169,"S_k25_sparse5","offindex",1.5,0.449091833911476,0.19902804268409,2,0.327807318678343,0.00552200269300607
170,"S_k25_sparse5","offindex",1.5,0.505880870168842,0.745423628649055,2,0.312390704844726,0.0118371709945793
171,"S_k25_sparse5","offindex",1.5,0.776869699221391,0.616884284919707,2,0.105184725905376,0.0101682215298537
172,"S_k25_sparse5","offindex",1.5,0.4528636891157,0.408778811765154,2,0.347607084943795,0.000511937318533606
173,"S_k25_sparse5","offindex",1.5,0.112096382908904,0.3485875114464,2,0.420734804360903,5.45777142413328e-06
174,"S_k25_sparse5","offindex",1.5,0.940708877443048,0.300014259676459,2,0.159895680329249,0.000884254724753397
175,"S_k25_sparse5","offindex",1.5,0.963828211987172,0.931763881833133,2,0.330037589020887,9.95962499494851e-06
176,"S_k25_sparse5","offindex",1.5,0.611737980965607,0.693027582047919,2,0.285760728061779,0.000410594043000145
177,"S_k25_sparse5","offindex",1.5,0.779812493064657,0.6903136175689,2,0.300323379743917,1.47434029382776e-05
178,"S_k25_sparse5","offindex",1.5,0.952252691104791,0.892593908507304,2,0.0251624382637294,0.000108073875372261
179,"S_k25_sparse5","offindex",1.5,0.910000309130545,0.641889142798574,2,0.0543383928462337,2.04153393341677e-05
180,"S_k25_sparse5","offindex",1.5,0.156703986863015,0.402188866430061,2,0.207355590304584,0.0683466023864028
181,"S_k25_sparse5","offindex",1.5,0.0505683550782169,0.456069156221068,2,0.346213661912576,0.00947439073778722
182,"S_k25_sparse5","offindex",1.5,0.500145228399058,0.211148038696121,2,0.314429033451542,0.00926962376182039
183,"S_k25_sparse5","offindex",1.5,0.836895178801504,0.666942759961807,2,0.124026699776152,0.0765205933559927
184,"S_k25_sparse5","offindex",1.5,0.642658961532004,0.965528320002664,2,0.158973991694438,3.54630748646834e-05
185,"S_k25_sparse5","offindex",1.5,0.461285486485947,0.339319862252089,2,0.448265683845116,0.00197309546619207
186,"S_k25_sparse5","offindex",1.5,0.414185147194222,0.0857348182110331,2,0.372939658061587,0.000714619335683064
187,"S_k25_sparse5","offindex",1.5,0.692215782064527,0.47301673133914,2,0.296892003560249,0.000487875433847096
188,"S_k25_sparse5","offindex",1.5,0.311750927355757,0.331545175312396,2,0.39559137049255,0.141324351642259
189,"S_k25_sparse5","offindex",1.5,0.138980355155546,0.53582171605772,2,0.358352148268366,0.0436865379368967
190,"S_k25_sparse5","offindex",1.5,0.28591511455888,0.193105742511472,2,0.352472734065546,0.0151722779249499
191,"S_k25_sparse5","offindex",1.5,0.367474163545807,0.514276486683161,2,0.458326728565461,0.00702929270020336
192,"S_k25_sparse5","offindex",1.5,0.577220834744926,0.569024824897388,2,0.498390833117798,0.00585925263159925
193,"S_k25_sparse5","offindex",1.5,0.0628022204336665,0.00606144067936731,2,0.368226820014881,0.00187957815257311
194,"S_k25_sparse5","offindex",1.5,0.582488025182191,0.48056105133826,2,0.315331268600864,0.361239895345812
195,"S_k25_sparse5","offindex",1.5,0.299576962653171,0.872110477945653,2,0.298428431924483,0.0131420797178075
196,"S_k25_sparse5","offindex",1.5,0.0263061775303621,0.270732448826828,2,0.183535064264349,0.00031744777363274
197,"S_k25_sparse5","offindex",1.5,0.627714685778301,0.880535160282177,2,0.142535653494857,0.000235751161641762
198,"S_k25_sparse5","offindex",1.5,0.915848711050401,0.40457135117681,2,0.225609682028287,0.00442286991442242
199,"S_k25_sparse5","offindex",1.5,0.665848028755194,0.430510632910708,2,0.344301162062374,0.00232977441829463
200,"S_k25_sparse5","offindex",1.5,0.8487182004578,0.709384392499671,2,0.173304364124522,0.00131995423019871
201,"S_k25_sparse5","offindex",1.5,0.537924370707872,0.318252275689661,2,0.160418861107169,9.06721514781772e-06
202,"S_k25_sparse5","offindex",1.5,0.991680623572195,0.918122553071097,2,0.211757855923591,0.00433306296264502
203,"S_k25_sparse5","offindex",1.5,0.246820525050486,0.451604067313419,2,0.307646767885973,0.000128196762779531
204,"S_k25_sparse5","offindex",1.5,0.376482517984111,0.702081306274863,2,0.343958048679147,0.0131362786131395
205,"S_k25_sparse5","offindex",1.5,0.789386531586994,0.950252422794714,2,0.164580226502088,0.0602956973766051
206,"S_k25_sparse5","offindex",1.5,0.986643042583083,0.734120826171079,2,0.139378229684376,0.0001007511107185
207,"S_k25_sparse5","offindex",1.5,0.0862049120212013,0.167563077265135,2,0.0627517618700175,3.71284824942641e-05
208,"S_k25_sparse5","offindex",1.5,0.244527493904062,0.0497741766621895,2,0.333095054237851,0.0319697082955666
209,"S_k25_sparse5","offindex",1.5,0.262238054136499,0.980067687022338,2,0.360047004700838,0.000179592175485022
210,"S_k25_sparse5","offindex",1.5,0.96994560629079,0.691003311969748,2,0.224852001845402,0.105698665974659
211,"S_k25_sparse5","offindex",1.5,0.119307066517417,0.78198718665709,2,0.349206266893795,0.0279748043067203
212,"S_k25_sparse5","offindex",1.5,0.668049552024689,0.141032207923059,2,0.0477305742490483,0.000160329659590897
213,"S_k25_sparse5","offindex",1.5,0.750671297860763,0.200098827410244,2,0.310861382175841,0.00022842368414322
214,"S_k25_sparse5","offindex",1.5,0.80126525774443,0.487558063029593,2,0.323702604237651,0.115059279455439
215,"S_k25_sparse5","offindex",1.5,0.620190261028459,0.800210866025714,2,0.335138257768758,0.0196139430321634
216,"S_k25_sparse5","offindex",1.5,0.688429477336609,0.477038631520779,2,0.27835101723284,0.000494509871095339
217,"S_k25_sparse5","offindex",1.5,0.984759220817132,0.405194981134005,2,0.335577442065714,0.00154777566536901
218,"S_k25_sparse5","offindex",1.5,0.800647868706023,0.226030496207825,2,0.369180097038603,0.1218719275269
219,"S_k25_sparse5","offindex",1.5,0.221281894788169,0.231540155254344,2,0.336751631422024,0.0002801523560374
220,"S_k25_sparse5","offindex",1.5,0.856641125258371,0.513591246468115,2,0.302809388085441,0.000400761629585356
221,"S_k25_sparse5","offindex",1.5,0.68833413451285,0.472904793664423,2,0.262453932399277,5.59821191403742e-05
222,"S_k25_sparse5","offindex",1.5,0.0463915161405618,0.00589013824943752,2,0.265487659764088,2.20818740892526e-05
223,"S_k25_sparse5","offindex",1.5,0.640731197573641,0.58067371953401,2,0.11683665528854,0.000145734490018201
224,"S_k25_sparse5","offindex",1.5,0.897704833428331,0.819072720492561,2,0.0199216054846347,9.27173369857925e-07
225,"S_k25_sparse5","offindex",1.5,0.119972924349984,0.219152054807778,2,0.273979095545487,0.00491505308169482
226,"S_k25_sparse5","offindex",1.5,0.237642569953393,0.142533288952244,2,0.330516903412655,1.37619486941798e-05
227,"S_k25_sparse5","offindex",1.5,0.0384156871828165,0.604622326349331,2,0.195773166002617,3.32519128463105e-05
228,"S_k25_sparse5","offindex",1.5,0.336549872487725,0.425195971533332,2,0.368609507021527,0.000299669398272417
229,"S_k25_sparse5","offindex",1.5,0.488666436871287,0.913086425800756,2,0.383372602588825,0.000264090249342264
230,"S_k25_sparse5","offindex",1.5,0.660271581954343,0.106336205586316,2,0.286747484742335,1.38111493530602e-05
231,"S_k25_sparse5","offindex",1.5,0.885361553641881,0.964372573796664,2,0.166689716960481,0.00362842018586607
232,"S_k25_sparse5","offindex",1.5,0.931398509757658,0.800028174843462,2,0.435336547991554,0.00708368974841478
233,"S_k25_sparse5","offindex",1.5,0.387067907999364,0.571471861234849,2,0.232952613512914,0.0117540445124651
234,"S_k25_sparse5","offindex",1.5,0.066862836913562,0.0456462741601547,2,0.245881090478937,0.00435294221239002
235,"S_k25_sparse5","offindex",1.5,0.276253421751923,0.589302166564955,2,0.144163675949277,0.00229764749995787
236,"S_k25_sparse5","offindex",1.5,0.543792222523324,0.978712964692202,2,0.0860132115950943,0.000114369951851989
237,"S_k25_sparse5","offindex",1.5,0.974720782603949,0.558798071269723,2,0.0971263049906847,0.00250514825338155
238,"S_k25_sparse5","offindex",1.5,0.0109291429263879,0.536894299461983,2,0.275217767933418,0.190558581114556
239,"S_k25_sparse5","offindex",1.5,0.377402115449112,0.291160252846898,2,0.127032998717801,0.00436938690876065
240,"S_k25_sparse5","offindex",1.5,0.255826515561663,0.61234744998154,2,0.264935274996009,0.0106664618547112
241,"S_k25_sparse5","offindex",1.5,0.408995358626156,0.699849391706714,2,0.125970443227442,0.00754224285581984
242,"S_k25_sparse5","offindex",1.5,0.872886506397016,0.96032172072185,2,0.435053179489307,0.00396013578766174
243,"S_k25_sparse5","offindex",1.5,0.55078604925562,0.0482876562369131,2,0.273838146479374,0.0403503074074631
244,"S_k25_sparse5","offindex",1.5,0.505215413391324,0.57049993703098,2,0.421674341882811,6.68620805361897e-05
245,"S_k25_sparse5","offindex",1.5,0.0938873961930422,0.396537903044719,2,0.22848708174615,0.000665338140013683
246,"S_k25_sparse5","offindex",1.5,0.57818182366007,0.820856750087733,2,0.284259393530447,0.00684689524782511
247,"S_k25_sparse5","offindex",1.5,0.0742354088936275,0.543329119706465,2,0.453030631663522,0.000788066816715949
248,"S_k25_sparse5","offindex",1.5,0.435664084609006,0.790588632059666,2,0.154512842873599,0.0786204845014618
249,"S_k25_sparse5","offindex",1.5,0.406359249575503,0.228719898190079,2,0.132757347150205,0.00171071339976825
250,"S_k25_sparse5","offindex",1.5,0.468441420362216,0.378913584019614,2,0.0803189472173463,0.00852611794676861
251,"S_k25_sparse5","offindex",1.5,0.65631085726569,0.536018289002547,2,0.290336247570375,0.00812078629943858
252,"S_k25_sparse5","offindex",1.5,0.979547227128648,0.623691133386347,2,0.393214483477227,0.00332687142663191
253,"S_k25_sparse5","offindex",1.5,0.932779380184101,0.762724141162039,2,0.309269747189431,0.00165109568394683
254,"S_k25_sparse5","offindex",1.5,0.164678853223212,0.861554726871668,2,0.26468147837793,0.00351786749756511
255,"S_k25_sparse5","offindex",1.5,0.817982324068519,0.256776939650014,2,0.255391556974189,0.00578703831215943
256,"S_k25_sparse5","offindex",1.5,0.943074097727886,0.384650343840517,2,0.0697406182751982,0.00821046563266115
257,"S_k25_sparse5","offindex",1.5,0.832583111030286,0.937993368167006,2,0.20302869175461,0.0854313161926477
258,"S_k25_sparse5","offindex",1.5,0.322504150418659,0.792653592534957,2,0.237018606986929,0.00159142341373419
259,"S_k25_sparse5","offindex",1.5,0.349494638996119,0.695953929530545,2,0.0268155810946311,0.00105937012893031
260,"S_k25_sparse5","offindex",1.5,0.604098723997686,0.7793428426824,2,0.468980163662629,0.223048431653473
261,"S_k25_sparse5","offindex",1.5,0.307860942182707,0.160944681463085,2,0.428131958241879,0.0211951119052918
262,"S_k25_sparse5","offindex",1.5,0.973372246163368,0.791374171531736,2,0.243757955581099,0.000114050086445827
263,"S_k25_sparse5","offindex",1.5,0.900830772585408,0.847164747467803,2,0.0241479781769442,0.189368236279301
264,"S_k25_sparse5","offindex",1.5,0.869717141459241,0.927084809914812,2,0.132009198072978,6.03112046393406e-06
265,"S_k25_sparse5","offindex",1.5,0.591183019748069,0.325548639423608,2,0.0726582851556991,0.00345893724890844
266,"S_k25_sparse5","offindex",1.5,0.892723665325674,0.775645100100383,2,0.299053616845155,0.00274824353949632
267,"S_k25_sparse5","offindex",1.5,0.554920315596274,0.113979296084255,2,0.155132678909996,0.0012366372072441
268,"S_k25_sparse5","offindex",1.5,0.889357897843395,0.754183122977351,2,0.246370985529763,1.18410444798212e-05
269,"S_k25_sparse5","offindex",1.5,0.934490188529085,0.677069525099221,2,0.282004109756066,0.00639368208688929
270,"S_k25_sparse5","offindex",1.5,0.981504210169118,0.361810126216554,2,0.225421908310958,0.0413040048146951
271,"S_k25_sparse5","offindex",1.5,0.527982656520571,0.691104771913534,2,0.26894460929484,0.00096577798412345
272,"S_k25_sparse5","offindex",1.5,0.49526725739196,0.946047610100107,2,0.348151835231869,0.0320984166588674
273,"S_k25_sparse5","offindex",1.5,0.591655117625506,0.945992662954864,2,0.202237928963111,5.02191085980375e-05
274,"S_k25_sparse5","offindex",1.5,0.873641862332147,0.726384768026221,2,0.0630692077086292,0.00449003760190259
275,"S_k25_sparse5","offindex",1.5,0.95785195401878,0.713426793594784,2,0.320916109328148,0.00252936133984316
276,"S_k25_sparse5","offindex",1.5,0.93423576184271,0.65576540288418,2,0.204970658489363,0.0217344280477414
277,"S_k25_sparse5","offindex",1.5,0.717460720058721,0.651114388781261,2,0.0994834722757018,0.0117350931614972
278,"S_k25_sparse5","offindex",1.5,0.0679917733836839,0.914540740299741,2,0.266385186067531,0.00153606699215514
279,"S_k25_sparse5","offindex",1.5,0.894880756114608,0.614483746532661,2,0.327001333472907,0.140584716194417
280,"S_k25_sparse5","offindex",1.5,0.416140326458041,0.122888143914618,2,0.430916802805231,0.00344675511171344
281,"S_k25_sparse5","offindex",1.5,0.0983410647764968,0.627288706149145,2,0.283443995152221,0.00131955387816851
282,"S_k25_sparse5","offindex",1.5,0.84723481548076,0.517011987281488,2,0.259067042530418,0.00918509823193703
283,"S_k25_sparse5","offindex",1.5,0.670404018807017,0.276574191727131,2,0.227395446409166,0.00650522068580406
284,"S_k25_sparse5","offindex",1.5,0.684338879558339,0.530079617357382,2,0.1260344415615,0.171689360642425
285,"S_k25_sparse5","offindex",1.5,0.224019800624077,0.135012191500356,2,0.288548509750229,0.000304201061152254
286,"S_k25_sparse5","offindex",1.5,0.0936407803455994,0.842733470059511,2,0.174550374236626,0.00800150087854412
287,"S_k25_sparse5","offindex",1.5,0.922313689085873,0.47065038822666,2,0.220066285851376,0.0041017660529139
288,"S_k25_sparse5","offindex",1.5,0.926066100978862,0.987027917302918,2,0.18565768441159,0.000865102638732962
289,"S_k25_sparse5","offindex",1.5,0.61504232182788,0.982225508053607,2,0.188066397458296,0.00280799421959266
290,"S_k25_sparse5","offindex",1.5,0.371703382162117,0.293652875862859,2,0.173999213963343,0.000185087057776201
291,"S_k25_sparse5","offindex",1.5,0.94875396074716,0.755483682925465,2,0.351713123312428,0.000826077248324175
292,"S_k25_sparse5","offindex",1.5,0.767866961595397,0.747214682058434,2,0.131612334651232,0.00021027277083685
293,"S_k25_sparse5","offindex",1.5,0.613857820916828,0.603534790257347,2,0.298118948274669,0.000227567295903564
294,"S_k25_sparse5","offindex",1.5,0.179332173001448,0.497941817549031,2,0.336194340346221,0.0016452136675551
295,"S_k25_sparse5","offindex",1.5,0.993750096145172,0.554076857203351,2,0.431709408441781,0.000996789731724457
296,"S_k25_sparse5","offindex",1.5,0.338754612058081,0.333094571474364,2,0.371535455547239,0.0147692085823747
297,"S_k25_sparse5","offindex",1.5,0.921226979591204,0.894242398401468,2,0.217397012656924,0.0510148312037222
298,"S_k25_sparse5","offindex",1.5,0.338539577002791,0.550239000377874,2,0.408931566085677,0.00139303451115413
299,"S_k25_sparse5","offindex",1.5,0.570070145284628,0.258095382658908,2,0.321507830583802,0.000876344429809217
300,"S_k25_sparse5","offindex",1.5,0.711346126584044,0.688255964295183,2,0.197823435170161,0.00574729817484632
