"rep","cell","a_hat","a_or","s_hat","s_or","rho_hat","rho_or"
1,"B_k25",0.420966919969818,0.38982050515703,0.369082874031684,0.401839880265114,0.75192410202144,0.696290894569007
2,"B_k25",0.346472090162509,0.331976914863441,0.364441717784431,0.377693000889607,0.689013307111169,0.660187410441447
3,"B_k25",0.266092309159254,0.24380760538337,0.354442627429464,0.370125039263805,0.60037586586302,0.550095576413015
4,"B_k25",0.421126010791451,0.407655101374453,0.382007245019877,0.396350817504116,0.740670242159857,0.71697780454184
5,"B_k25",0.403995190886723,0.377609250077318,0.359567303723392,0.38718472906683,0.746986401540523,0.698198843121282
6,"B_k25",0.354971378088561,0.333366901684075,0.355087089759072,0.375443776665987,0.706991541137643,0.663962206910958
7,"B_k25",0.421609746646916,0.386370907029766,0.388936077995948,0.423961759402358,0.735013810863354,0.673580141448933
8,"B_k25",0.356630453678075,0.331952747008285,0.366946031200139,0.389412434390347,0.696955179474388,0.648728071262857
9,"B_k25",0.41453585993918,0.411047188452994,0.370476064384931,0.374343027613113,0.745620563063488,0.739345532482888
10,"B_k25",0.473300354513036,0.448940783151568,0.386376767966993,0.414430218046467,0.774653878478981,0.734784403940638
11,"B_k25",0.381054086461838,0.358153854110781,0.381204087902276,0.40279596600297,0.706967619058192,0.664480939827349
12,"B_k25",0.358874980539116,0.335378699230911,0.354023991601937,0.376358029526276,0.711901875375612,0.665292198929135
13,"B_k25",0.24672197977991,0.24979986826505,0.350091990660983,0.347902519459477,0.576056913380554,0.583243297593511
14,"B_k25",0.433899954711997,0.40943215872351,0.387949660339171,0.413690001159513,0.745477428597417,0.703439651365911
15,"B_k25",0.419682708203233,0.413598505016793,0.380905102749268,0.387502967102323,0.740488384409503,0.729753413204151
16,"B_k25",0.412572319275578,0.417018961633028,0.380348168816109,0.375467486998152,0.735236571356228,0.743160840455715
17,"B_k25",0.352399907614,0.370137446428218,0.386142144960368,0.369174378515827,0.674097571646229,0.708027296323518
18,"B_k25",0.425023259576177,0.426825429593584,0.392470215801425,0.390509531412778,0.734681912321429,0.737797087043954
19,"B_k25",0.448852171485333,0.428821352522252,0.38389007907313,0.406142970244296,0.759959198289475,0.726044680131101
20,"B_k25",0.434527370526954,0.419355749756177,0.372759858450545,0.389749538749661,0.758990860923142,0.732490524485309
21,"B_k25",0.403565898020267,0.389137231121871,0.351788205589918,0.367685451156123,0.753808326118724,0.726857463084558
22,"B_k25",0.512199544176956,0.470544605251069,0.359755132363637,0.412746778044572,0.818318594494785,0.751768337933406
23,"B_k25",0.463432772681781,0.444733820318128,0.38455962994906,0.406039250377748,0.769554324233016,0.738503737182806
24,"B_k25",0.351828306560564,0.339306595068241,0.375667214107548,0.387014273116377,0.683569081040308,0.659240581433396
25,"B_k25",0.461426764374119,0.412297947676539,0.375119270872034,0.42853182915864,0.775941120313033,0.693325476810684
26,"B_k25",0.36582852654601,0.35759551234014,0.39799888170465,0.405412222592227,0.676725401477549,0.661495616374563
27,"B_k25",0.433258022497545,0.423552630754854,0.383768558765545,0.394454040080856,0.748566107230026,0.731797514523794
28,"B_k25",0.362359690213785,0.353149084185648,0.363588221377306,0.372540822132261,0.705909124280711,0.687966038967935
29,"B_k25",0.439125717148376,0.447374668965556,0.358080963353409,0.347720113518242,0.774997415835676,0.789555698559773
30,"B_k25",0.337948042280274,0.324702703407209,0.346189253692728,0.358641928744321,0.698538195820166,0.671160096343728
31,"B_k25",0.334440626666623,0.305075184123205,0.370560522575427,0.395088301128658,0.670000239056738,0.611171101818848
32,"B_k25",0.431743126852752,0.424679771074983,0.423977845340722,0.431052703232509,0.713494079408616,0.701821253103465
33,"B_k25",0.318968406958305,0.317159707356768,0.370735130003411,0.372283630160573,0.652199337194484,0.64850106283385
34,"B_k25",0.411867534994492,0.39565162383739,0.359025283708562,0.376820664612876,0.753807832021903,0.724129161587831
35,"B_k25",0.494567121009126,0.478879520421272,0.363352774190416,0.383791975705876,0.805883882302001,0.780321357158908
36,"B_k25",0.466640662338004,0.445368371315481,0.406535956386593,0.429734808241325,0.753995968894324,0.719624292838988
37,"B_k25",0.365981974024795,0.351825564559324,0.371326664942128,0.384766253107833,0.701962578389965,0.674810231022025
38,"B_k25",0.494818433636724,0.467339692648009,0.396885110994261,0.428901719827856,0.780075811709424,0.736755879135405
39,"B_k25",0.377921736965119,0.362930170447672,0.413748207460508,0.426959143041042,0.674416924118052,0.647663855454681
40,"B_k25",0.331145043630134,0.319802653740523,0.369853015487783,0.379703246821422,0.667045336124263,0.64419767941943
41,"B_k25",0.370523805470815,0.370093720102482,0.383134713389917,0.383550175812309,0.695177505003689,0.694370577975301
42,"B_k25",0.458011654995552,0.430248596418321,0.394379233879008,0.424494760281941,0.757784911378328,0.71185065041778
43,"B_k25",0.439100682454004,0.422669454389668,0.366941609755832,0.385753919782695,0.767340165507717,0.738626155791498
44,"B_k25",0.322977387217715,0.313115258335101,0.350001116686355,0.358850956991089,0.678166080016654,0.657458248602955
45,"B_k25",0.384177865051311,0.354860823086768,0.362652417818474,0.391386259829276,0.72718531637526,0.671692992700324
46,"B_k25",0.412912348320847,0.402723974631715,0.371820811756713,0.38283250085134,0.743115414755257,0.724779471133156
47,"B_k25",0.396923108785942,0.380932339429074,0.39787150952705,0.413207266585092,0.706262512470968,0.677809442613511
48,"B_k25",0.455155995192161,0.413167757436484,0.386004830059371,0.430649640663309,0.762664630540342,0.692308655504895
49,"B_k25",0.377397587527699,0.351065143605939,0.371734507558043,0.396697300376609,0.712431813751969,0.66272277637683
50,"B_k25",0.419981865145149,0.397795475275238,0.389326160822535,0.411968914363888,0.733365282003183,0.694623780491071
51,"B_k25",0.48339265568629,0.466428640307559,0.388938927178851,0.409128674315699,0.779116546063216,0.751774498322594
52,"B_k25",0.349158426710796,0.339701547173074,0.365460994223311,0.374267556822748,0.690795866957218,0.672085812153409
53,"B_k25",0.349274933998527,0.35054717463429,0.384152366886054,0.382991773880001,0.67272078394925,0.6751711822875
54,"B_k25",0.51486835078833,0.488058578101031,0.365515258501385,0.40061159142345,0.815413836921449,0.772954323571151
55,"B_k25",0.438694504801355,0.426310233914991,0.400955800107217,0.414099029993878,0.73814302662344,0.717305375149495
56,"B_k25",0.335820856015908,0.324960802125887,0.365960645479365,0.375637216548935,0.676115027202375,0.654250257639275
57,"B_k25",0.482745027570025,0.453788647175022,0.379662941106886,0.413838826342549,0.786030897501295,0.738882592764026
58,"B_k25",0.466941488415742,0.464459368397925,0.393787479530354,0.396712021176796,0.76444832252051,0.760384745967583
59,"B_k25",0.407691275405701,0.390437732670911,0.380233894677929,0.397930103926145,0.731303927639785,0.700355059393593
60,"B_k25",0.327050288221717,0.32351616599453,0.36216076157379,0.365321226579863,0.670215541402883,0.662973157808736
61,"B_k25",0.401340748015814,0.402672304815748,0.367222084110636,0.365761493340709,0.737770625848507,0.740218380028707
62,"B_k25",0.368017142810104,0.349501338983589,0.379013521752736,0.396152345849678,0.696622617835647,0.661573903434824
63,"B_k25",0.377156745671484,0.360679590924265,0.377269075982744,0.393051395098762,0.707001488611721,0.676114137217198
64,"B_k25",0.295003822803931,0.294869398984794,0.367187118735671,0.367295076439479,0.626317243607632,0.626031850845339
65,"B_k25",0.390985272220489,0.379143613843284,0.371354980320643,0.383437249865124,0.725074463243664,0.703114341720405
66,"B_k25",0.439517238877535,0.410525656315159,0.390884012574908,0.42122962866375,0.747238745667555,0.697949134538415
67,"B_k25",0.397839793865348,0.398898111172457,0.417126507714841,0.416114553848154,0.690179388824,0.69201537608185
68,"B_k25",0.525600522075679,0.50995520925985,0.380684533657456,0.40140043288587,0.809885565968303,0.785778068938887
69,"B_k25",0.390224969225642,0.382356021479727,0.386322074271028,0.394111842646752,0.710651696534678,0.696321293545155
70,"B_k25",0.423617455614781,0.40137193079794,0.381736313089268,0.40506164296322,0.742874924872591,0.703864156175444
71,"B_k25",0.44396748049803,0.417849088354585,0.372944044048185,0.401990700255647,0.765695215273983,0.720649736104087
72,"B_k25",0.441975059017234,0.431962406090904,0.389707115666773,0.400776831314836,0.750065872210112,0.733073625482379
73,"B_k25",0.419698770718947,0.435344023956363,0.382882581422521,0.36499549326704,0.738766469701791,0.76630571762953
74,"B_k25",0.368951660132704,0.368731816663295,0.385519215108388,0.385729490851623,0.691412621165665,0.691000636166395
75,"B_k25",0.486371778144389,0.462869146171236,0.408530858895227,0.434979450971787,0.765721484223538,0.728720015293119
76,"B_k25",0.447804332811994,0.422516003403726,0.386930817161423,0.414396434132998,0.75666357689567,0.713933401277184
77,"B_k25",0.467499042510928,0.424082654463019,0.384520052659271,0.43193162402089,0.772318537314599,0.700593724505253
78,"B_k25",0.45841875828383,0.434457108638844,0.375633688272464,0.403107239410108,0.773490861858965,0.733060323839866
79,"B_k25",0.396431796378436,0.376026344529013,0.395974223327369,0.415400942391437,0.707514980427669,0.671097208196099
80,"B_k25",0.413707982469983,0.403160036578239,0.385728539241711,0.396740199187277,0.731406957010289,0.712758921839856
81,"B_k25",0.39868296350862,0.391901428060022,0.38266923036132,0.389611493595679,0.721447359444656,0.70917565162119
82,"B_k25",0.339958383245657,0.350164170344954,0.355699036212543,0.345656709045496,0.690930214041245,0.711672419594921
83,"B_k25",0.439389815992419,0.417493444880091,0.371087935716633,0.395561486894816,0.763989076604372,0.7259167596361
84,"B_k25",0.413009977656371,0.389372411646798,0.394942985454493,0.418265858577748,0.722738033259027,0.681373976957697
85,"B_k25",0.394042468361648,0.362291356718506,0.348233060641605,0.381157059810551,0.749320136424306,0.688941499048025
86,"B_k25",0.36038722541503,0.346018281631547,0.349876344249585,0.364093061296902,0.717492386193107,0.688885357321834
87,"B_k25",0.31309762966799,0.301400894399975,0.362455586546363,0.372238738952943,0.65370095321891,0.629279921982236
88,"B_k25",0.320304614030335,0.29423444581502,0.343103768204258,0.365706620696168,0.682402993558385,0.626860987438497
89,"B_k25",0.384061603545203,0.385133413403573,0.404534074383192,0.403513799683346,0.688517840180024,0.690439303304576
90,"B_k25",0.395667049085834,0.392545804930959,0.403004390177655,0.40604524780603,0.700581074677496,0.695054497244765
91,"B_k25",0.42636970112386,0.395895586523085,0.387142415447108,0.418254774564754,0.740343037119987,0.687428164187855
92,"B_k25",0.466605481693631,0.442318434389279,0.412012928030967,0.437983710896436,0.7495969470164,0.710580053247161
93,"B_k25",0.387898651835274,0.375640745607401,0.341217288981785,0.35466693197311,0.750841683492482,0.72711448850306
94,"B_k25",0.337167823338571,0.338263125864884,0.375854782829659,0.374869332635943,0.66775861675687,0.669927856077097
95,"B_k25",0.449778369948526,0.421068193455235,0.362831197696513,0.395788626107148,0.778322802102198,0.728641033235313
96,"B_k25",0.516143902094068,0.494325740609793,0.381257328658852,0.409150021991389,0.804355133881883,0.77035385995316
97,"B_k25",0.420060370020236,0.401729125547663,0.342642360095588,0.363961826405081,0.774899778381108,0.741083502690634
98,"B_k25",0.414484812204563,0.413432633551745,0.394048764674429,0.395152560417067,0.724747756178167,0.722907968337276
99,"B_k25",0.401568216389131,0.391973836959668,0.397663014292647,0.407123343090737,0.710553362819918,0.693576624399044
100,"B_k25",0.45742447442869,0.436130738923289,0.353349687866353,0.379319298596629,0.791380985007813,0.754541116743642
101,"B_k25",0.558410469104362,0.515288649459459,0.416551069640596,0.468843954170602,0.801552237545076,0.739654416970857
102,"B_k25",0.407770830651333,0.389844081248018,0.390172262272814,0.408084595265556,0.722526258272533,0.690761977466381
103,"B_k25",0.289263032152339,0.261100422268402,0.319944891566973,0.343313857717729,0.670644389080818,0.605350541609194
104,"B_k25",0.379398572667881,0.373321766889085,0.371632449876597,0.377736433390425,0.714380507567315,0.702938314819676
105,"B_k25",0.456317362602197,0.448373805747461,0.39948551013729,0.408381119227389,0.752406853841072,0.739308981370701
106,"B_k25",0.363613565743856,0.335345213271489,0.374634575338313,0.40013682430861,0.696473063703598,0.642327267432201
107,"B_k25",0.41544032910154,0.392003179567068,0.385012184557153,0.4088502861816,0.733456765277333,0.692078654678269
108,"B_k25",0.368635612677766,0.367503297682721,0.367957269837668,0.36908819210729,0.707757669575226,0.705583694531696
109,"B_k25",0.392294030703819,0.372604985876534,0.381051133868157,0.400324990036851,0.717310904865227,0.681309422671748
110,"B_k25",0.400791058943102,0.410271178215438,0.399432028707294,0.389688309821675,0.708306649203027,0.72506059459677
111,"B_k25",0.438636643136104,0.407487966017647,0.380862810275083,0.414019495317726,0.755082958410153,0.701462642740655
112,"B_k25",0.450063017056322,0.410013134244262,0.37741512520968,0.420580700705672,0.766239390962983,0.698053833272045
113,"B_k25",0.505624038013033,0.485683972319846,0.394382999520657,0.418694037644592,0.788505142123002,0.757409222721829
114,"B_k25",0.278703552785582,0.263415824480226,0.335781396148277,0.347903606977558,0.638676199388877,0.603642888497192
115,"B_k25",0.487164043010135,0.441053848301774,0.37534829147029,0.428586802888099,0.792146975728979,0.717170072542914
116,"B_k25",0.360349738886352,0.353091271473588,0.374481281960314,0.381332819022003,0.693380198097823,0.679413551172803
117,"B_k25",0.403586920316253,0.389686328812011,0.352890376215857,0.368182814662966,0.752806063473179,0.726877449230535
118,"B_k25",0.42076006164263,0.395672564511892,0.36642040519287,0.393377890212197,0.754124233619448,0.709160152491386
119,"B_k25",0.498719023067042,0.496696892126945,0.403341074397521,0.405828638240977,0.777537451901258,0.774384809900749
120,"B_k25",0.434335398351207,0.404157221357515,0.386363291731611,0.417828639376432,0.747163788419156,0.695249896215605
121,"B_k25",0.381763923933141,0.372341101792866,0.367533689227618,0.377076663623946,0.720405847279486,0.702624554333331
122,"B_k25",0.450776190028562,0.415369381613751,0.346405270569327,0.388154687969481,0.79291772176764,0.73063695697934
123,"B_k25",0.384924039091753,0.36500159300482,0.372841563370051,0.39236613558114,0.71829020560369,0.681113785212599
124,"B_k25",0.364575989465533,0.350427371567751,0.378484251365721,0.391620527912876,0.693749963945385,0.666826624394548
125,"B_k25",0.410002806179092,0.382289570333815,0.389423740892098,0.416662735865728,0.725069125583908,0.676059676432336
126,"B_k25",0.501019794886834,0.459882918790481,0.37096489429076,0.420884174885856,0.803680608608161,0.737693376257745
127,"B_k25",0.315132236202155,0.287198230792796,0.32811499351986,0.352824250152673,0.692694063318097,0.631292158057775
128,"B_k25",0.463341236849653,0.436487453870595,0.373735621322657,0.404774158049108,0.778352838635036,0.733241986098029
129,"B_k25",0.565960287497924,0.529302381915249,0.395168062815954,0.443066398402417,0.819914759425168,0.766807927548808
130,"B_k25",0.327473773894178,0.310081574616838,0.369151145054996,0.383876357134758,0.663615714373455,0.628370947714103
131,"B_k25",0.293754590831433,0.290132566946838,0.349485527445378,0.352498208683613,0.643431880821194,0.635498300502166
132,"B_k25",0.460130258085379,0.43996093004902,0.34230122556825,0.367864599359119,0.802334505171474,0.767165012304325
133,"B_k25",0.488119412151386,0.446543000446791,0.391923344098705,0.438706982985801,0.779754942995083,0.713337972615298
134,"B_k25",0.412910307617978,0.387402012763799,0.375665021507648,0.401918911010757,0.739679646795804,0.693984574088733
135,"B_k25",0.365360640607729,0.37739118455064,0.385162208398535,0.373382134424228,0.688211199731029,0.710872521614511
136,"B_k25",0.398695485969117,0.396093819344392,0.379298233359759,0.382014301615996,0.724511499980386,0.719783737928736
137,"B_k25",0.393270701098205,0.396314801781891,0.393431515112091,0.390364930948272,0.706962222931444,0.712434443923641
138,"B_k25",0.351450315651387,0.333834666283847,0.362609930769735,0.378890092047079,0.695970848459276,0.66108688936035
139,"B_k25",0.432276803221078,0.411458929356203,0.373898008581308,0.39669195212047,0.756331150283355,0.719907251593094
140,"B_k25",0.400153756170684,0.396317339111214,0.398897884839767,0.40270971906195,0.708217267830791,0.70142733579537
141,"B_k25",0.422208529083716,0.406111899316659,0.384662367798099,0.401619601693556,0.739210731428435,0.711028445557845
142,"B_k25",0.482759969459922,0.446333513749851,0.364491460320043,0.408286183041862,0.798074422227607,0.737856043667478
143,"B_k25",0.430818256226394,0.41262861023614,0.403876248481181,0.422442923955148,0.729550610485733,0.698748138341341
144,"B_k25",0.43740676659965,0.408091251623476,0.394203072376926,0.424478824073656,0.742840520578858,0.693054476857521
145,"B_k25",0.391323418592978,0.384261311420255,0.395949296273494,0.402806538805363,0.702939810092006,0.690254046759229
146,"B_k25",0.370298557570255,0.374438943967088,0.402508820223019,0.398660067396711,0.677047066993917,0.684617273274467
147,"B_k25",0.504797201090171,0.485808684223762,0.377286928798458,0.401441855320818,0.800997393951924,0.770866972285245
148,"B_k25",0.416623311653374,0.397235686636514,0.380749295499979,0.400934931253405,0.73817301299344,0.703822026927183
149,"B_k25",0.312760939470995,0.303682660062593,0.360987049087224,0.368656882269663,0.65481754109541,0.635810638859979
150,"B_k25",0.403382588688222,0.379071896723909,0.394369717388001,0.417791196608594,0.71504992121346,0.671955948242895
151,"B_k25",0.408623756535244,0.389898081609036,0.370801965809497,0.390444564837002,0.740547911003989,0.706611412631195
152,"B_k25",0.440079201696964,0.436245218916098,0.376470418973908,0.380906535913303,0.759887887702308,0.753267722364785
153,"B_k25",0.326223728744495,0.293731546763582,0.385024954298348,0.410350965716277,0.646442568884647,0.582056297324186
154,"B_k25",0.42631918653047,0.387789229539239,0.376302299628856,0.415897803508663,0.749717173265039,0.681959091165618
155,"B_k25",0.421125220579534,0.394234939669171,0.388831472996288,0.41607112149808,0.734716049832197,0.68780192547234
156,"B_k25",0.421435851276007,0.39200773840496,0.391882766278387,0.42131960822796,0.732317215892177,0.681180812519195
157,"B_k25",0.502511692854482,0.481092296789217,0.369394174891541,0.396888220875042,0.805727313205695,0.771383450789039
158,"B_k25",0.377348023970356,0.377073506505695,0.37214496743983,0.372423117806379,0.711998431953728,0.711480459175374
159,"B_k25",0.355102009657533,0.338384348285838,0.362165304538615,0.377832208671435,0.700109597046313,0.667149504317518
160,"B_k25",0.41827385989091,0.376690030187108,0.355809717247333,0.399572518966586,0.761690400188303,0.685964884143118
161,"B_k25",0.401333510447529,0.37897418884149,0.372933887293183,0.395634724324947,0.732550385036941,0.691738119862762
162,"B_k25",0.406445722431687,0.388772751621773,0.364157889945018,0.38296846043592,0.744789558546447,0.712404806041315
163,"B_k25",0.382976989340852,0.360409566649142,0.359404249623364,0.382031063239227,0.729191945893163,0.686223351631968
164,"B_k25",0.405365868316809,0.387438511966237,0.387261787042334,0.405196962408224,0.723068930253265,0.691091116155344
165,"B_k25",0.389525375418463,0.359695610057889,0.366674685018892,0.395979053528948,0.728141618978222,0.672380698088138
166,"B_k25",0.434902050403053,0.427817610156458,0.41565987499216,0.422948008108911,0.722918615964497,0.711142461464407
167,"B_k25",0.364335489622524,0.323172286374414,0.377753276541457,0.413518512591425,0.694208039092331,0.615775310402529
168,"B_k25",0.44117487637926,0.429432610997875,0.367307890989446,0.380969803190382,0.768510629210054,0.748056028914904
169,"B_k25",0.40871442363813,0.383754336689817,0.38186042538079,0.406936694872317,0.73070413927904,0.686080221464862
170,"B_k25",0.420678627285764,0.401827712909119,0.377461414620202,0.397469641759399,0.744304448993196,0.710951626843295
171,"B_k25",0.32519072090144,0.298168244502623,0.354432532031031,0.377448172193945,0.67605695402542,0.619878435051181
172,"B_k25",0.504757908488191,0.495126022658906,0.381101873873895,0.393534504379908,0.798073190886631,0.782844207390253
173,"B_k25",0.40130329515983,0.388287790407795,0.425676684543997,0.437581496741738,0.685968520240999,0.663720443430696
174,"B_k25",0.41026021600675,0.384211468739583,0.375489986509355,0.402104118476388,0.737675074655863,0.690837699655106
175,"B_k25",0.424256147030722,0.400036919664822,0.387742747726193,0.412684116016952,0.738157543289247,0.696018836524718
176,"B_k25",0.564274229170438,0.544516691914627,0.399185632866817,0.425741878865028,0.816371413446872,0.78778692778027
177,"B_k25",0.280665757576075,0.289617295895313,0.362975097020652,0.355873587740352,0.611699927552394,0.631209451580726
178,"B_k25",0.380441584377309,0.385766765114444,0.32253577744726,0.316147322921076,0.762769347592843,0.773446110605821
179,"B_k25",0.445227963316424,0.421315410337574,0.351127631994815,0.379488969907241,0.785198413871095,0.743026537399676
180,"B_k25",0.310994313139668,0.292569400767296,0.366808800795141,0.381666483831956,0.646690384713676,0.608377099978293
181,"B_k25",0.607348120065,0.58122637245105,0.352864753428245,0.394412445450013,0.864658470640911,0.827469929841724
182,"B_k25",0.451707022971019,0.454456744013868,0.430138792287397,0.427232586599049,0.724184665601508,0.728593066871906
183,"B_k25",0.42494041788553,0.401396431555394,0.371497963255899,0.396819858614215,0.752861889930221,0.711149289059734
184,"B_k25",0.382991013784795,0.366700190516557,0.400535522471838,0.415501855202614,0.691100209050534,0.661703719417462
185,"B_k25",0.44377109882948,0.431459746015117,0.397681632159211,0.411006029495565,0.744721321516632,0.724060834698644
186,"B_k25",0.294866949304649,0.289791846464983,0.377778382428869,0.381685354376113,0.615290992204784,0.604700910579417
187,"B_k25",0.471013005657925,0.454603628695837,0.390220030332085,0.409219335256612,0.770060023991278,0.743232303598596
188,"B_k25",0.427749946826652,0.413353226626604,0.384452628294436,0.399891173258524,0.743745560544882,0.718713420121186
189,"B_k25",0.359073801311093,0.341832629456282,0.385252741489063,0.400629658227947,0.681815329172304,0.649077504188743
190,"B_k25",0.351252353792114,0.338476971144972,0.369142052934172,0.380890287738452,0.689334536955281,0.664262783310304
191,"B_k25",0.336799503515752,0.335290322034591,0.364946331228542,0.366333359381275,0.678199606458771,0.675160628443916
192,"B_k25",0.388723767063256,0.35143350247329,0.357823295151243,0.394510039127141,0.735744792335702,0.665164806490835
193,"B_k25",0.327329478783144,0.333058275549527,0.338606199094677,0.332972868014443,0.695033241203286,0.707197450181764
194,"B_k25",0.443417815329428,0.429748205026007,0.418265711306105,0.43229855942722,0.72743703680014,0.705011729404799
195,"B_k25",0.397483959086498,0.382998733772594,0.364522309501269,0.379713025565104,0.737004488139833,0.710146357581309
196,"B_k25",0.318431763248991,0.301860793628243,0.372704692409754,0.386248154507226,0.649580008664552,0.615776312450337
197,"B_k25",0.396932950756668,0.365885924087457,0.354902760985454,0.386832299202331,0.74547250671249,0.687163654416538
198,"B_k25",0.489732615695778,0.496604921727765,0.41368122441766,0.405405651203437,0.763930531974823,0.774650594790021
199,"B_k25",0.353979753574811,0.343576931996543,0.392986199139745,0.402112808121091,0.669269876520105,0.649601251287061
200,"B_k25",0.43385701389125,0.421483009321569,0.391151380854827,0.404454427717765,0.742714983262155,0.721532062846905
1,"B_k40",0.536016812106064,0.502309122622479,0.395466208359242,0.437484959906758,0.804692594790343,0.754089092246536
2,"B_k40",0.369162515277037,0.350536114140106,0.406544681889961,0.422710271630858,0.672250384866557,0.638331433687062
3,"B_k40",0.322541500739132,0.286855052168009,0.380649330155115,0.408216990450273,0.646471909793494,0.57494534186765
4,"B_k40",0.386404370226144,0.365253816422223,0.392240882584472,0.412008369926522,0.701786786698816,0.663373196339403
5,"B_k40",0.288845137570341,0.272800180359146,0.384489985150195,0.39603550822476,0.600635484671122,0.567270994854407
6,"B_k40",0.425241191335231,0.391209680581505,0.381503218958499,0.416328911683082,0.744349724921067,0.684780364792418
7,"B_k40",0.490017992330436,0.435950250135642,0.403542007997383,0.461422977790208,0.771931952522057,0.686758308994409
8,"B_k40",0.540711979279442,0.500765569930418,0.40028843899509,0.449259527335461,0.803727045607278,0.744349760104015
9,"B_k40",0.441141486409206,0.388826242535458,0.386239432915904,0.438863149155041,0.752373273784246,0.66314885822882
10,"B_k40",0.490480303154305,0.471491726712951,0.426855191998246,0.447740811585719,0.754338482218128,0.725134834609577
11,"B_k40",0.515667338904169,0.489010068714371,0.412460820281327,0.443740786243071,0.780922771236828,0.740553200120565
12,"B_k40",0.335844601465738,0.295736499934972,0.38289672934169,0.414658201752306,0.659404837209535,0.580655689403518
13,"B_k40",0.344095634286408,0.336101271133255,0.411632717389253,0.41818564669634,0.64135886253877,0.626458192063072
14,"B_k40",0.402407013416338,0.392946440068894,0.438417633414769,0.446916682361317,0.676203128296511,0.66030561886021
15,"B_k40",0.46307663865283,0.421188617581497,0.378706466630589,0.424804319132488,0.774100176544888,0.70407823676238
16,"B_k40",0.341078827875502,0.335254810076297,0.385526810321873,0.390601972118152,0.662612985255571,0.651298680453511
17,"B_k40",0.347753042592642,0.351172977163548,0.389301649435019,0.386219488109231,0.666188736051711,0.672740287325529
18,"B_k40",0.344145309645683,0.323422702598749,0.392069484077726,0.40933144264742,0.659681212136805,0.619958704951017
19,"B_k40",0.424171234632816,0.416008448488577,0.425656786052599,0.433637990250719,0.705869636764529,0.692285823388762
20,"B_k40",0.399633017698232,0.375109934011757,0.422853290081942,0.44475160615046,0.6868702058082,0.644721097018846
21,"B_k40",0.387825943597245,0.376875614517516,0.410847377297817,0.420914838348131,0.686439608327475,0.667057873483164
22,"B_k40",0.491890717211273,0.44389762663431,0.405096127638102,0.457180760065899,0.771922800639605,0.696607370619795
23,"B_k40",0.516976884533889,0.488546759830288,0.38480667263724,0.420313380595761,0.802173996081321,0.758060018406787
24,"B_k40",0.419996931616808,0.404412611942377,0.399808420480907,0.415565440041535,0.724300390744777,0.697424649566792
25,"B_k40",0.389346305076153,0.352238859304448,0.400146337105291,0.433169045952195,0.697368516205016,0.630904383733256
26,"B_k40",0.381873003017453,0.356813075381322,0.397080829270172,0.419743498632651,0.693169560816914,0.647681194537073
27,"B_k40",0.399336819225479,0.388681445016518,0.415049998161176,0.425044857000513,0.693334471560371,0.67483445380399
28,"B_k40",0.518424076096274,0.48556212834621,0.369786143498943,0.411988754841677,0.81411711913872,0.762511733769616
29,"B_k40",0.374891696729551,0.35789611680054,0.378433684775545,0.39454557104174,0.703774324813658,0.671868969497172
30,"B_k40",0.381963050798885,0.368125579058163,0.392431207380121,0.405439986612695,0.697484483909799,0.672216537663408
31,"B_k40",0.442657387038149,0.41094029312379,0.418117053308235,0.449327840283613,0.726970731762725,0.674882142150367
32,"B_k40",0.484491881583779,0.457429298216653,0.402037634104328,0.432579564577218,0.769551971593006,0.726566598301524
33,"B_k40",0.381102046687355,0.368148413451865,0.388341443664298,0.40064272429365,0.700422885519929,0.676615558197407
34,"B_k40",0.402749103752801,0.383895730728057,0.380803710529807,0.399802919518761,0.72662617326539,0.692611561770381
35,"B_k40",0.435069134776536,0.417628365646669,0.408523314074952,0.426336719489745,0.728996886557101,0.699773332462958
36,"B_k40",0.365334923886152,0.355810877401691,0.390457099763549,0.399155324265256,0.683225547768614,0.665414297184897
37,"B_k40",0.579162577954169,0.538300500014215,0.317321263755884,0.382563259891219,0.87699366682983,0.815118495796797
38,"B_k40",0.489252591803019,0.440458344423695,0.404554441425832,0.457196720778788,0.770660602224641,0.693800909091756
39,"B_k40",0.436949533623533,0.388248312754456,0.386684566178955,0.435560668906351,0.748867024615537,0.665400318369337
40,"B_k40",0.387257992400939,0.349161915030675,0.369757957658887,0.405925679185967,0.723259829476818,0.652109942416446
41,"B_k40",0.360457121274808,0.316537766272997,0.367231046325291,0.405699174494835,0.700494094994875,0.615143447112136
42,"B_k40",0.430615273642728,0.409221824144741,0.375152628638016,0.398379853044886,0.753994335314993,0.716535051537445
43,"B_k40",0.446748829940812,0.429416279702977,0.396426872987798,0.415139062732505,0.747977029359266,0.718957704474109
44,"B_k40",0.429704122167863,0.411107160566082,0.390354062295952,0.409893680227324,0.7401852755693,0.708151146879724
45,"B_k40",0.477017640843127,0.449203146742776,0.412913939777307,0.443012736040792,0.756082236710677,0.711995722687425
46,"B_k40",0.404927378725851,0.373082346765449,0.40373702268717,0.433335122119215,0.708146876949208,0.652455508289313
47,"B_k40",0.412948105981895,0.366916452068846,0.399791584411144,0.442415829736253,0.718459202449329,0.638371983550103
48,"B_k40",0.530689215884647,0.465676103709082,0.437471435609506,0.506120605453712,0.771621011315886,0.677092082021407
49,"B_k40",0.390051513622575,0.352517422363617,0.387341269563084,0.421787753871678,0.709567673191149,0.641287005459313
50,"B_k40",0.299636680986346,0.288271089991843,0.387968371443869,0.396486287919565,0.611246870423735,0.588061518406627
51,"B_k40",0.489122678678545,0.431869706829484,0.43418218408184,0.491165674792903,0.747859766027911,0.660321003263691
52,"B_k40",0.327158350275474,0.30535629380022,0.388038564094898,0.405418360729251,0.64458410179259,0.601628575887476
53,"B_k40",0.307539728774242,0.291997565221618,0.384305649013703,0.396243534386398,0.624812987060855,0.593236755679601
54,"B_k40",0.395528878721161,0.372548019303412,0.415056678650737,0.43580169080455,0.689871723106725,0.649789074435773
55,"B_k40",0.402390122396312,0.375114301989594,0.406475871730971,0.431775063365673,0.703526063603623,0.655837888635455
56,"B_k40",0.427046548293402,0.403343225069962,0.418693980175675,0.441574055210244,0.714055374465259,0.674421556072338
57,"B_k40",0.431850601281479,0.417099698828255,0.389508835312516,0.405265241355667,0.742572692580372,0.717208325088055
58,"B_k40",0.387419806304283,0.375421509588735,0.404442812395778,0.415604120472319,0.691745984219435,0.670322780151405
59,"B_k40",0.429460032283715,0.403586863543583,0.386772211346917,0.41369832773939,0.743071979720858,0.698305004281615
60,"B_k40",0.354791751686996,0.333020298162357,0.402414528061164,0.420609225376323,0.661328249502975,0.620746479548844
61,"B_k40",0.337041941315136,0.344292781131058,0.396039076870522,0.389752102592113,0.648104586828135,0.662047369511852
62,"B_k40",0.347552060869224,0.334369658134709,0.38819455684556,0.39960528111856,0.667029420602519,0.641729468600619
63,"B_k40",0.368369979681953,0.356756850098665,0.414807198751313,0.424836443792752,0.664013818742924,0.643080303669809
64,"B_k40",0.414642352422024,0.409038674885566,0.412341914313038,0.417901300750872,0.709071010401318,0.699488281407211
65,"B_k40",0.403744488094328,0.37650099085797,0.402952237466154,0.428517352307346,0.707800883960224,0.660040550396098
66,"B_k40",0.38939086972819,0.361174436967419,0.388721184060275,0.415069192359739,0.707715093733064,0.656431930956184
67,"B_k40",0.459747455873089,0.44424682225043,0.4251291262517,0.441301776667291,0.73420870706725,0.709454464220591
68,"B_k40",0.50038119080141,0.485190213794093,0.433301285326024,0.450246373013113,0.755960000101821,0.73300995483412
69,"B_k40",0.406192187066716,0.408326673658488,0.423348150723465,0.421289778102928,0.692334855902262,0.69597298463539
70,"B_k40",0.423074095088451,0.392137569562122,0.386234392165368,0.417608455570736,0.738529519076371,0.684525888071553
71,"B_k40",0.536162284884883,0.473353992983616,0.43091102687861,0.499089477093059,0.779461845778439,0.688152426008149
72,"B_k40",0.468906539820257,0.440461689806595,0.431879482996042,0.460854348717525,0.735551451966296,0.690931364695744
73,"B_k40",0.417456336445974,0.417648619506157,0.370258647115476,0.37004173984468,0.748132928674846,0.748477523489657
74,"B_k40",0.437155922427848,0.401751030264476,0.399076836508333,0.43469958779906,0.738540614945085,0.678726828858917
75,"B_k40",0.443437666071633,0.397212296401656,0.424663821243609,0.468186625558231,0.722230029187898,0.6469424461963
76,"B_k40",0.450069400190266,0.431191687167761,0.362928568583808,0.385166639001014,0.778438922215,0.745788076427861
77,"B_k40",0.438881633883906,0.394393616924527,0.427499728243032,0.46885688769353,0.716334437157532,0.643721923603863
78,"B_k40",0.426770463388378,0.406339490060897,0.329857992149459,0.354721781432511,0.791212504231665,0.753334434034441
79,"B_k40",0.326068592977998,0.317142048493055,0.403152108659396,0.410211251821299,0.628857219229448,0.611641449103106
80,"B_k40",0.390228731581601,0.395526610147174,0.408425002001773,0.403296597899634,0.690817010233954,0.700195777954153
81,"B_k40",0.327377326356408,0.292151148052515,0.387974083056567,0.415147575721516,0.644898778490133,0.575506925328243
82,"B_k40",0.348330780496595,0.321272358993492,0.40251011300543,0.424420540336785,0.654381815801488,0.603549273897843
83,"B_k40",0.435283860128085,0.382136892971909,0.379923128632664,0.43334168687978,0.753391188325607,0.661404187636193
84,"B_k40",0.504863638763627,0.475780320630454,0.398858821836208,0.433138245832667,0.78466935716483,0.739467471365204
85,"B_k40",0.336209392967337,0.306681640766108,0.393978264987445,0.417375131529169,0.649135589548466,0.592124943105734
86,"B_k40",0.322544276929578,0.310159768753362,0.351812047230304,0.362777404207129,0.675781438069783,0.649833928398305
87,"B_k40",0.467139502871839,0.444781751061585,0.395456258550425,0.420445194398319,0.76323772461869,0.726708423383531
88,"B_k40",0.278201969821614,0.263315226703544,0.35306834155451,0.364305752365701,0.618909166983309,0.585790991047291
89,"B_k40",0.470939287257052,0.431149827966822,0.38403767418979,0.428227244957,0.774985622414912,0.709507418094362
90,"B_k40",0.506022634822621,0.491269964079492,0.43285460661479,0.449528463852743,0.759908525392475,0.737754021821817
91,"B_k40",0.398404296545003,0.3844248264379,0.394199866549038,0.407844420227847,0.710847682679742,0.685904995020744
92,"B_k40",0.410233647981176,0.390453819404145,0.411963317198591,0.430756585052307,0.705617667676549,0.671595601041471
93,"B_k40",0.338564305232949,0.32620477367559,0.388843931445109,0.399269129073129,0.656663590955633,0.632691617981693
94,"B_k40",0.48150307355765,0.439966739427866,0.399873396953198,0.445166498777217,0.769303871990226,0.702940717881518
95,"B_k40",0.4250561435618,0.387050557421084,0.43212283773469,0.466470511470488,0.701253471429656,0.638552226856252
96,"B_k40",0.482760637598863,0.453081292220871,0.396574683917398,0.430170496173914,0.772709529993955,0.725204594356239
97,"B_k40",0.420612811237439,0.430135108146089,0.400157055754138,0.389903314921833,0.724504778139541,0.740906916697526
98,"B_k40",0.324104979929741,0.308249085707965,0.410681891728985,0.422712852146181,0.619505842104228,0.589198319201289
99,"B_k40",0.394048791355156,0.382059237062883,0.401989522057891,0.413401457650694,0.700018342837565,0.678719183669549
100,"B_k40",0.435841880220932,0.41178450359079,0.413708124285048,0.437659775689355,0.725283277776999,0.685249463293222
101,"B_k40",0.441177301158064,0.414055773853944,0.4310731097386,0.457186234629863,0.715249952569317,0.671279714148258
102,"B_k40",0.358887509829747,0.330743556532509,0.397077176020549,0.420807828159693,0.670530241196533,0.617947269441475
103,"B_k40",0.36923582065343,0.340891401872025,0.375406338916405,0.401320399035429,0.701223226871032,0.647393766970562
104,"B_k40",0.376161857091313,0.365596556650766,0.405423349953155,0.414975894700797,0.680157154830316,0.661053504228588
105,"B_k40",0.441059538166424,0.402835440439935,0.399495993823541,0.438011613104266,0.741166040311876,0.676933435176045
106,"B_k40",0.509490736775759,0.4781115044623,0.374603284198834,0.413905569778487,0.805667810111582,0.756047207505624
107,"B_k40",0.372726003213411,0.340753446405685,0.390127254552441,0.418343204771772,0.690797450543694,0.631540622365022
108,"B_k40",0.436605003068122,0.421938854694885,0.411249980819665,0.426284034801984,0.727927320721687,0.70347526447951
109,"B_k40",0.410998021788209,0.376896440161942,0.414518943979423,0.445751502773566,0.70408448764211,0.645664754810674
110,"B_k40",0.416907652134134,0.421352267215811,0.414674717871208,0.41015774887433,0.709002922209646,0.716561538763875
111,"B_k40",0.352616348092909,0.339461480313891,0.39410010207549,0.405486230076181,0.666795350229593,0.641919575991175
112,"B_k40",0.405355607417739,0.371001947187393,0.369405248151382,0.403894740012731,0.739122577052868,0.676482353466457
113,"B_k40",0.458652668059803,0.429268275759422,0.401235884556197,0.432528903543453,0.752645978214508,0.704426385857802
114,"B_k40",0.354261673359099,0.337513854601164,0.414054810303442,0.4278166863259,0.650111471076669,0.61937727116504
115,"B_k40",0.415189058248767,0.374665343729526,0.419006607006211,0.455603304435328,0.70386346183119,0.635164247771745
116,"B_k40",0.378869127459497,0.357540085417043,0.420114020834189,0.438409276319929,0.669712972007842,0.632010411674896
117,"B_k40",0.277052333678105,0.269295925147963,0.37302262341629,0.378660240684914,0.596254398765252,0.579561550005168
118,"B_k40",0.425719842989536,0.392106483462942,0.390225452379062,0.423987964482253,0.737169438634652,0.678965101249671
119,"B_k40",0.527962723214283,0.526703996172134,0.412074022293886,0.413681686045695,0.788311760225358,0.786432329563665
120,"B_k40",0.404081620060286,0.357677632558848,0.397447975777066,0.439674379839137,0.712934544255653,0.631062456938128
121,"B_k40",0.398393165700147,0.383209112494676,0.42902557716935,0.442640753256093,0.680462355505578,0.654527732374785
122,"B_k40",0.424220008989035,0.424939384470492,0.430286915274131,0.429576494944291,0.7020687050193,0.703259245309686
123,"B_k40",0.294227140659661,0.287363179944367,0.364544159340506,0.369978995650155,0.628062713318022,0.613410775426465
124,"B_k40",0.414341254809328,0.375133276166544,0.371939477853073,0.411451911813689,0.744157677187398,0.673740073399782
125,"B_k40",0.495080818186305,0.458275474840349,0.389583304420456,0.432277407204027,0.785862202857044,0.727439563287359
126,"B_k40",0.361736558984546,0.340628737192334,0.380906048012992,0.399893509471725,0.688625189131037,0.648442969742955
127,"B_k40",0.382545035611042,0.367738479604502,0.418779534631324,0.431839569186117,0.674443484178125,0.648338883955623
128,"B_k40",0.434887605770137,0.390124971775658,0.385995972345828,0.431187461223914,0.747896538354453,0.670916144873677
129,"B_k40",0.476200756402128,0.435441148701219,0.407603359293515,0.450886532204145,0.759704735699274,0.694679078811245
130,"B_k40",0.324606899109574,0.287147805724862,0.390733189180092,0.4190324590575,0.639017118280574,0.565275611326276
131,"B_k40",0.394842642693695,0.35429621037873,0.390671234941494,0.427783732289254,0.710851791276123,0.637854346409691
132,"B_k40",0.456811569414299,0.44324958952184,0.414651345086651,0.429118106494755,0.740449669424979,0.718466943503667
133,"B_k40",0.484445523211355,0.426761179069238,0.427597327254509,0.48518227015644,0.749726213822002,0.660454122620105
134,"B_k40",0.411035035166472,0.380792737408391,0.367303348129006,0.398570496672928,0.745660206800191,0.69079754043096
135,"B_k40",0.476599881202297,0.453535860195077,0.415136767681225,0.440217226105443,0.754055231178757,0.717564358271617
136,"B_k40",0.453567508116026,0.428174184841168,0.382512897482963,0.410738929972549,0.764444878900054,0.721646848643545
137,"B_k40",0.392081778885019,0.367886199794768,0.395896282695102,0.418475485525742,0.703675520243533,0.66025132248473
138,"B_k40",0.343559863481832,0.308393191834015,0.399708440642865,0.427427018971934,0.651832680978359,0.585111307797658
139,"B_k40",0.417494357062639,0.402831140532738,0.383792388832349,0.399155618928108,0.736196669616937,0.710340005945754
140,"B_k40",0.454535549491206,0.425178989652542,0.386762409045978,0.418820431163958,0.761602533163948,0.712413794542443
141,"B_k40",0.485030509575412,0.478893956361487,0.405217999462624,0.412452180098392,0.767422383835225,0.757713039365154
142,"B_k40",0.383004660244558,0.3607948842912,0.400710217705151,0.420818606779286,0.690955634948904,0.650888316091408
143,"B_k40",0.525585040478819,0.508547178060459,0.428779507755891,0.448855509861748,0.774855803427005,0.749737343889363
144,"B_k40",0.35818866754178,0.336218737918084,0.411591876696495,0.429725441172232,0.656473685492989,0.616208088121998
145,"B_k40",0.393476029434345,0.384973142582924,0.410146113936179,0.418137417610759,0.692289850641695,0.677329695948522
146,"B_k40",0.415377962917017,0.404709376942653,0.407877202354282,0.41846503377479,0.713519687358866,0.695193616145238
147,"B_k40",0.481474340441872,0.461041083619596,0.381338804637538,0.405805302628231,0.783909823404376,0.750641527668354
148,"B_k40",0.444990886717928,0.4205619678784,0.405853919680046,0.431117065952987,0.738850903443811,0.698289783444556
149,"B_k40",0.442730004956188,0.426773460606882,0.408000649580231,0.424663161420934,0.735360493270624,0.70885717930445
150,"B_k40",0.356741050698245,0.344114225183586,0.40902293164878,0.419701484264889,0.657299497165519,0.634034425637201
151,"B_k40",0.380497715773616,0.357849401618654,0.40471721567746,0.424874501630571,0.68497072626765,0.644199306223982
152,"B_k40",0.327563041821173,0.303257807215026,0.376876156451606,0.396696213785826,0.656001532866687,0.607326105169866
153,"B_k40",0.440558429810645,0.41268387506304,0.429010851249744,0.455888209795126,0.716433745606036,0.671104294814434
154,"B_k40",0.332186700643594,0.302585464061275,0.394985925112124,0.418095589620341,0.64364470554833,0.586289371433568
155,"B_k40",0.413522909391363,0.387409955819577,0.404806489601006,0.429863951438661,0.714597979546721,0.669472876587225
156,"B_k40",0.448785363278756,0.394697346298066,0.41632130660875,0.46791637869915,0.733125707898309,0.644768735986205
157,"B_k40",0.523528853226236,0.456690400631454,0.386419560122746,0.463504492509961,0.804570109590211,0.701851375374075
158,"B_k40",0.425191310139386,0.436181380845086,0.400186825270265,0.388179015844514,0.728194207198994,0.747016101329366
159,"B_k40",0.337381690844749,0.326755622770645,0.400603705422132,0.409317110689221,0.644170601696936,0.623882006166368
160,"B_k40",0.364773501530555,0.325610496611437,0.404087701716463,0.4362618280274,0.670074859027433,0.598133928860743
161,"B_k40",0.484505857142549,0.447331016458208,0.414919760534457,0.454751904890869,0.759543889374942,0.701266114887749
162,"B_k40",0.366141866251389,0.339502819980337,0.408401428488791,0.430800914854105,0.66753375758121,0.618966619281091
163,"B_k40",0.381109332602724,0.357109702302702,0.390390054046104,0.412457729005397,0.698550127010836,0.654560270662265
164,"B_k40",0.418886955919828,0.396906893808667,0.420744790978563,0.441539781472214,0.705540454119574,0.668518955158281
165,"B_k40",0.498363265124529,0.472100204702093,0.381233669597195,0.413311567198847,0.794256041779931,0.752399837930438
166,"B_k40",0.413364774072974,0.398744982257555,0.387208940550131,0.402248230836107,0.729819515390916,0.704007423874957
167,"B_k40",0.401774866007772,0.391415177494354,0.433072147637191,0.442457553717547,0.680120555170255,0.662583775995521
168,"B_k40",0.434877666287386,0.412464262310955,0.411033341430029,0.433520731590748,0.726749865847925,0.689293496860003
169,"B_k40",0.386727203480468,0.374690606755449,0.40364075094046,0.414838203328521,0.691816600497456,0.670284323086096
170,"B_k40",0.39701579079605,0.376603662403897,0.405355352973482,0.424386830367815,0.699719569541173,0.663744260691774
171,"B_k40",0.518426937045519,0.499769006722691,0.380747446818494,0.404927212264891,0.805983909780106,0.776976945528405
172,"B_k40",0.342975009335172,0.311044386691687,0.37954093094408,0.406121367078799,0.670462629716113,0.608043244503405
173,"B_k40",0.533519036027387,0.515919969624817,0.404631668921309,0.426844156853487,0.796768143101356,0.770485340593868
174,"B_k40",0.382614354964611,0.366215881231216,0.431913161345303,0.445902065371224,0.663096134127494,0.634676488086739
175,"B_k40",0.367049549084611,0.343945528982106,0.4034509964399,0.423319679562365,0.67294971374915,0.630590735913022
176,"B_k40",0.386324457611694,0.358287073206323,0.420478588036679,0.444611293963093,0.676567108754513,0.627465448917985
177,"B_k40",0.349748321279124,0.337138933796075,0.398033558276868,0.40876881127473,0.660073347252767,0.636275890349175
178,"B_k40",0.320398899908193,0.314659655140916,0.398995501899448,0.403537070199222,0.626126882974747,0.614911190792926
179,"B_k40",0.430730207985061,0.376695507873021,0.392429351292372,0.444555735735006,0.739208065351004,0.646475107710318
180,"B_k40",0.432506739290906,0.416846069897527,0.414722370753822,0.430460309839023,0.721790807540019,0.695655429333898
181,"B_k40",0.503878721421,0.483348162389079,0.4027377570205,0.427160415705699,0.781144922155349,0.7493171404789
182,"B_k40",0.375310318802527,0.356186677423704,0.400761942970254,0.417850477035517,0.683549415987045,0.648719694444223
183,"B_k40",0.506832551054088,0.472757480487661,0.348380201510853,0.393380686175232,0.824092913301337,0.768687979037281
184,"B_k40",0.38441100784894,0.361882229539424,0.396688441531373,0.417342538622177,0.695906414894356,0.655122147469095
185,"B_k40",0.423941214434797,0.38214545736421,0.38604787202786,0.427462234834363,0.739378367018738,0.666484112912392
186,"B_k40",0.477110083585108,0.451144386603814,0.386618467940644,0.416625268133401,0.776936985932306,0.73465385035343
187,"B_k40",0.437174935654782,0.415519247778034,0.413603095834708,0.435354108714727,0.72641927560148,0.69043571886688
188,"B_k40",0.398494599746285,0.372405847171969,0.381418528448888,0.406929877083504,0.722415632868995,0.675120330213108
189,"B_k40",0.468628119868859,0.432095508620967,0.410527664241724,0.448819283530883,0.752196297306188,0.693557701484664
190,"B_k40",0.426813949924222,0.387241477628874,0.396928249716823,0.435621649228987,0.732279122022334,0.664385147905895
191,"B_k40",0.386383099856498,0.371789160696932,0.378262292576915,0.392615692285129,0.714576209756025,0.687586204929401
192,"B_k40",0.39434180103476,0.372050718152815,0.38054966185556,0.402370183169297,0.719578463043339,0.678902625184731
193,"B_k40",0.312329407689698,0.285257173164745,0.358450448902963,0.380348167321195,0.656936969598244,0.599994679595426
194,"B_k40",0.342372506131068,0.341345193935113,0.420660777381795,0.421494817476234,0.631242784649202,0.629348697362209
195,"B_k40",0.349361939039804,0.338275329132868,0.396563261288834,0.406061554882678,0.661039694127204,0.64006233969091
196,"B_k40",0.343205602661621,0.328045764105948,0.378890889569102,0.392089745528925,0.671342981197582,0.641688887174897
197,"B_k40",0.453569907267187,0.415459661490756,0.397701804536602,0.437362156323591,0.751895955263206,0.688719498460693
198,"B_k40",0.405562447435836,0.388195172616716,0.398204143948276,0.415152920000333,0.713550285042881,0.682994142638789
199,"B_k40",0.393359096249661,0.366367414403359,0.390674960472541,0.416092803357579,0.709523399003432,0.660837020498402
200,"B_k40",0.446154113487995,0.400717510658473,0.424643037961119,0.467761348684117,0.724353280410956,0.650584707365671
1,"H5_k25_ar03",0.194246241912588,0.192370618352644,0.203512353934271,0.205286204835232,0.690446824350661,0.683779934335752
2,"H5_k25_ar03",0.223123518776224,0.209781216040013,0.202034684341245,0.215856340432066,0.74126957394613,0.696943260346484
3,"H5_k25_ar03",0.169622267138832,0.160171078913874,0.185970903116941,0.19417032676239,0.67388522896706,0.636336997544273
4,"H5_k25_ar03",0.177448867290259,0.17250662477375,0.191906261475784,0.196360836485732,0.678909139400987,0.660000404367441
5,"H5_k25_ar03",0.204672713030852,0.188278682201421,0.192518111188434,0.20857919460835,0.728404274229833,0.670059993982701
6,"H5_k25_ar03",0.225566323432027,0.214417955675543,0.196891010331286,0.208976497481983,0.753369841329247,0.716135364480077
7,"H5_k25_ar03",0.226592890720459,0.208897693928509,0.210933847701911,0.228471397997075,0.7319454390141,0.674786017360826
8,"H5_k25_ar03",0.188355822150384,0.174149565864533,0.187239150679089,0.200520183508215,0.709205927252168,0.655715883530849
9,"H5_k25_ar03",0.166815255828414,0.162267730259851,0.185974379887344,0.189955213847626,0.667721645433832,0.649518986209327
10,"H5_k25_ar03",0.219350345007837,0.201330207607128,0.197883708903156,0.216191312520177,0.742505241099398,0.681506720833202
11,"H5_k25_ar03",0.198917478095638,0.184400382025688,0.194443677758447,0.208261868859712,0.715102645225927,0.662914100006037
12,"H5_k25_ar03",0.193022084310586,0.178613263493854,0.192662257670909,0.20609117561538,0.707766172895938,0.654932446631788
13,"H5_k25_ar03",0.153148086480608,0.148456000574376,0.178140096943154,0.182068795857635,0.651911046263345,0.631938073028209
14,"H5_k25_ar03",0.139959013497959,0.13850354348093,0.183474751036977,0.184575941472957,0.606505732778294,0.600198522637605
15,"H5_k25_ar03",0.210825501779699,0.199444720858082,0.208965073977565,0.219853582333681,0.710233562137875,0.671893738418082
16,"H5_k25_ar03",0.176911733721998,0.170154075058257,0.177169732478104,0.183669448673303,0.706591365659242,0.679601051543756
17,"H5_k25_ar03",0.182161791402847,0.18011678494062,0.202075918080093,0.203900806025041,0.669560467459802,0.662043767759703
18,"H5_k25_ar03",0.181770499735614,0.18124113804279,0.192795732919262,0.193293453295668,0.685996217794961,0.683998423215251
19,"H5_k25_ar03",0.187597212659196,0.182115688786061,0.199354213518187,0.204373903771819,0.685306035702104,0.665281636928501
20,"H5_k25_ar03",0.152155690837358,0.153121256349507,0.198731559937509,0.197988555283728,0.607915138040988,0.611772909566819
21,"H5_k25_ar03",0.155623580332229,0.153689299772013,0.19241600345798,0.193964471689409,0.628852123604537,0.621035978806029
22,"H5_k25_ar03",0.178488449134624,0.164015873752595,0.191515078052891,0.204046427935558,0.681789421882468,0.626507139747665
23,"H5_k25_ar03",0.2303351396393,0.216811098582048,0.202116970618378,0.216560600978691,0.751648121653078,0.707515385007851
24,"H5_k25_ar03",0.197550996226069,0.186537155280358,0.191555098342843,0.202295925591595,0.717917654348196,0.67789238994477
25,"H5_k25_ar03",0.217107888001513,0.200566538059806,0.193217498550564,0.210337587200479,0.747011600003046,0.690097130428001
26,"H5_k25_ar03",0.171141892571977,0.167327316548443,0.192901834760831,0.1962198623583,0.663656474137437,0.648864256778715
27,"H5_k25_ar03",0.211508555891562,0.203909450372678,0.205056230068945,0.212614352182854,0.71797329616803,0.692177862908495
28,"H5_k25_ar03",0.170710012197458,0.163595453047719,0.198448483677495,0.204353215488439,0.652136581423117,0.624957951285851
29,"H5_k25_ar03",0.169453519606126,0.1658044465088,0.194969507063398,0.198082027224478,0.655990920381695,0.641864575734389
30,"H5_k25_ar03",0.182695341024473,0.173559404000978,0.186452267179739,0.194985047763511,0.699874098307431,0.664875911431632
31,"H5_k25_ar03",0.223132658512569,0.20437531264822,0.198054361349136,0.217357872929055,0.747884754896499,0.685014832099081
32,"H5_k25_ar03",0.239327930901499,0.221940338475436,0.210796153409426,0.229031358025952,0.750421757257608,0.695902305166512
33,"H5_k25_ar03",0.160700083743994,0.1552379710157,0.187957425076338,0.192493332122395,0.649843766556115,0.627755913046571
34,"H5_k25_ar03",0.217557615521199,0.200068503798367,0.195595271014999,0.213451211996053,0.743645159269029,0.683864704140203
35,"H5_k25_ar03",0.180204402674917,0.169037663908844,0.185063508343896,0.195316146399153,0.697638516565737,0.65440790204133
36,"H5_k25_ar03",0.213085047113606,0.205911922914282,0.205162446208077,0.212360887734141,0.720371835070129,0.696121815124347
37,"H5_k25_ar03",0.176845093050121,0.168046219593759,0.179628057280032,0.187885321348823,0.70156506222716,0.666658907368841
38,"H5_k25_ar03",0.262966626445276,0.243496555709358,0.209577862264755,0.231913247429191,0.782021384678707,0.724120456783344
39,"H5_k25_ar03",0.182746957232161,0.174781995473377,0.177530097899124,0.185377021488723,0.717270588116106,0.686008602189918
40,"H5_k25_ar03",0.162921118359354,0.160513574298094,0.193705575224163,0.195705220028585,0.643674775969456,0.634162961909539
41,"H5_k25_ar03",0.199513002482322,0.189925575586606,0.189336475680999,0.198952293077785,0.725364013067403,0.690507265078345
42,"H5_k25_ar03",0.180694959804083,0.168505894700138,0.185447227678681,0.196588672622849,0.697870253004229,0.650794308234115
43,"H5_k25_ar03",0.211757530407742,0.195284035501959,0.200474098727927,0.216553137643467,0.726189431264214,0.669696149190465
44,"H5_k25_ar03",0.149693728426377,0.14521046605921,0.191965428381564,0.195378756702908,0.614931405047999,0.596514475657422
45,"H5_k25_ar03",0.174087669238391,0.167462568216664,0.189127775476369,0.195018256283289,0.677246377186107,0.651473008600691
46,"H5_k25_ar03",0.163427545588227,0.162180166017725,0.186204800385687,0.187292242482514,0.659643094395205,0.654608292478491
47,"H5_k25_ar03",0.206490302845046,0.190224923363787,0.181892600472287,0.198840744835789,0.75038697526687,0.691278490547039
48,"H5_k25_ar03",0.202637572431126,0.189710045030155,0.201269958704618,0.213498667097467,0.709496947605838,0.66423366735115
49,"H5_k25_ar03",0.167458482889976,0.160851739908603,0.196237587740269,0.201688502652747,0.649124671906008,0.623514742829027
50,"H5_k25_ar03",0.22394377254315,0.20176308984865,0.194649633980066,0.217556771542872,0.754745819597986,0.679991441079701
51,"H5_k25_ar03",0.169886876493446,0.162155284842012,0.188417395490975,0.195111069204461,0.669642208449091,0.639166634260211
52,"H5_k25_ar03",0.186243845487474,0.179912675125267,0.190539062158108,0.196528200315689,0.699000550172309,0.675238736433798
53,"H5_k25_ar03",0.177025653147297,0.17918157974164,0.200737190596452,0.19881514791905,0.661421206369103,0.6694763980519
54,"H5_k25_ar03",0.198254560572423,0.186476226187302,0.184157046206444,0.196074744733199,0.732676418539946,0.689147998165959
55,"H5_k25_ar03",0.15091027943663,0.150940309877469,0.186851616645257,0.186827358640756,0.628316107463547,0.62844113943462
56,"H5_k25_ar03",0.13107545263053,0.128896755819947,0.185161322214811,0.186684535689833,0.577781074323518,0.568177370818541
57,"H5_k25_ar03",0.248732419109627,0.223231387428872,0.191882025634841,0.22103003358014,0.791778051348095,0.7106018329692
58,"H5_k25_ar03",0.175829216089395,0.174619607482497,0.193700356743601,0.194791514486304,0.67212422927475,0.667500383074913
59,"H5_k25_ar03",0.179316333301249,0.174646294382934,0.180622598434786,0.185141951789021,0.704535959276207,0.686187322046127
60,"H5_k25_ar03",0.156730566970122,0.156271693364012,0.200167544056688,0.200525993750452,0.616497801438127,0.614692827623677
61,"H5_k25_ar03",0.191746803349169,0.187037385797199,0.209251383595142,0.21347129653716,0.675596407870999,0.659003351164431
62,"H5_k25_ar03",0.184939444809499,0.179672694572431,0.200213501741359,0.204953085731991,0.678531612753125,0.659208225381616
63,"H5_k25_ar03",0.19825783895914,0.190688279444566,0.202488959155409,0.209632844208775,0.699602092781362,0.672891019435501
64,"H5_k25_ar03",0.155603924135649,0.15103125025315,0.177631605089095,0.181535478019894,0.658927266106877,0.639563618840715
65,"H5_k25_ar03",0.217632148396339,0.204783357205257,0.199210401463191,0.212396592906939,0.737636355466977,0.694087019690145
66,"H5_k25_ar03",0.189603318899327,0.180203598082656,0.188444111980654,0.197451931152576,0.70927164851384,0.674108996731621
67,"H5_k25_ar03",0.190733446857108,0.181282710997871,0.18979134508133,0.198838077618538,0.708855260876174,0.673731878253148
68,"H5_k25_ar03",0.219006290006638,0.211696636748016,0.204708034362499,0.212258494257846,0.730552294171196,0.706169049482105
69,"H5_k25_ar03",0.134540040701047,0.130531928317431,0.186937196578003,0.189757618308239,0.584148185294906,0.566745696317296
70,"H5_k25_ar03",0.173410977235254,0.167980720316665,0.184664586660507,0.189617652643619,0.684545821610286,0.663109694883153
71,"H5_k25_ar03",0.174270136377133,0.165518645635615,0.203499462211411,0.210679115007135,0.650451405316853,0.617787062648762
72,"H5_k25_ar03",0.157238638435918,0.154262836837189,0.193195640129393,0.195579963066594,0.631238492893991,0.619292062073814
73,"H5_k25_ar03",0.182073303827182,0.178080556503189,0.197323105201338,0.200933847841417,0.678137105328452,0.663266006404635
74,"H5_k25_ar03",0.201738065804511,0.199212306596107,0.193925955315123,0.19651966883772,0.720927603410611,0.711901594731258
75,"H5_k25_ar03",0.204475731723391,0.183971439820475,0.207664951432939,0.226030011829939,0.7016140542372,0.631258030810767
76,"H5_k25_ar03",0.182096210685319,0.179704565541192,0.195961246694191,0.198156779534653,0.680716421500212,0.671775916270139
77,"H5_k25_ar03",0.2283502070552,0.212489242386318,0.1939144084278,0.211175132835628,0.762241116332284,0.709296651900976
78,"H5_k25_ar03",0.216023151923354,0.196547814814627,0.179500573628309,0.200637520397826,0.76912879294821,0.699788806056389
79,"H5_k25_ar03",0.198423477893659,0.189366493540684,0.204585071558815,0.212995913595184,0.696214466280581,0.664435950984134
80,"H5_k25_ar03",0.23528127562734,0.219928569438967,0.212197245341091,0.228070984423063,0.742596783023219,0.694140439883343
81,"H5_k25_ar03",0.198121757739313,0.191359441320583,0.191842159382169,0.198588038974162,0.718400201526652,0.693879676706784
82,"H5_k25_ar03",0.119274617829527,0.121145642950116,0.196914594290437,0.195769060622842,0.518087074457452,0.526214150851426
83,"H5_k25_ar03",0.227531337494241,0.211771323347425,0.185109362077057,0.202950467055815,0.775713145052093,0.72198318295313
84,"H5_k25_ar03",0.22264270881662,0.203364273084935,0.197812911059471,0.21758376778533,0.747562218314829,0.682831465361726
85,"H5_k25_ar03",0.172899361047283,0.16203070222985,0.18553784411649,0.195101338244655,0.681750554614344,0.638894906497329
86,"H5_k25_ar03",0.186396731933577,0.166886726567255,0.191604089796852,0.20881735894811,0.697299480037276,0.624313669307996
87,"H5_k25_ar03",0.199111539414403,0.187175127410333,0.199112090503084,0.210372292356687,0.707105802643879,0.66471596318179
88,"H5_k25_ar03",0.198357206535377,0.188079565943951,0.191909737997381,0.201992588470658,0.718690583539263,0.681452493514329
89,"H5_k25_ar03",0.165539146336923,0.162236759350371,0.194949940673103,0.197706657080365,0.647266292807571,0.634353795494997
90,"H5_k25_ar03",0.140059327719623,0.14585072120327,0.198049417844978,0.193824029249455,0.577397653450446,0.601272800233669
91,"H5_k25_ar03",0.194435821310301,0.184908920537646,0.184870195752788,0.194398994318099,0.724708718412041,0.689199685133798
92,"H5_k25_ar03",0.214082332267936,0.199236669181167,0.193712549774321,0.208951062650904,0.741503018770464,0.690083063289451
93,"H5_k25_ar03",0.167157316207743,0.162546313032304,0.18501211937738,0.189076039724471,0.670395791475026,0.651903049467548
94,"H5_k25_ar03",0.174196432831439,0.167546278918253,0.196132855141353,0.201843351383552,0.664057380436924,0.638706208112023
95,"H5_k25_ar03",0.243211563338438,0.215682263553076,0.192353282610782,0.222784225342128,0.784342682164357,0.695562344028414
96,"H5_k25_ar03",0.222961140467838,0.206326959448525,0.206473575350116,0.223096824901893,0.733714614702724,0.678975292451898
97,"H5_k25_ar03",0.172756813751506,0.178095301205155,0.203556389389185,0.198902448570598,0.647069565205353,0.667065145584923
98,"H5_k25_ar03",0.16638523385332,0.162162082392905,0.181092944895532,0.184884179337652,0.676571275006464,0.659398699640568
99,"H5_k25_ar03",0.195557792746598,0.187413639589918,0.192024938847141,0.199981386980963,0.713522486664142,0.683807299503804
100,"H5_k25_ar03",0.202381050138549,0.192485167210361,0.198748899444769,0.208347485921208,0.713480242007355,0.678592998653067
101,"H5_k25_ar03",0.224978701573044,0.204042464030739,0.21269233984424,0.23285214291944,0.72667051198195,0.659047459899825
102,"H5_k25_ar03",0.203264457266905,0.193132320218438,0.185671507653359,0.196189335156943,0.738336762944318,0.701532840750239
103,"H5_k25_ar03",0.198257039818498,0.182398410173781,0.187503488458813,0.202963622326502,0.726536021267335,0.668420225251349
104,"H5_k25_ar03",0.182774276181767,0.173285812002945,0.18579175637367,0.194671621271982,0.701294137367968,0.664887458921509
105,"H5_k25_ar03",0.160559079514121,0.152663677229464,0.178607296787788,0.18540114922794,0.668533316330406,0.635658567115989
106,"H5_k25_ar03",0.177447486132948,0.168903382903715,0.190876014205961,0.198476473108875,0.680874350821658,0.648090224845376
107,"H5_k25_ar03",0.202834050173937,0.185675920494303,0.198853375126759,0.214962250774083,0.714079063578591,0.653673716626805
108,"H5_k25_ar03",0.176850492536544,0.179898935032773,0.197419413738279,0.194645561997335,0.66723911399579,0.678740580805845
109,"H5_k25_ar03",0.2328607055977,0.210281552272348,0.198208168820554,0.222018591952539,0.761492830661214,0.687655283293471
110,"H5_k25_ar03",0.1621049632784,0.152175901551534,0.184419982643935,0.192694691428847,0.660204036937073,0.619765999121932
111,"H5_k25_ar03",0.224269481612647,0.214185412256381,0.191250377543153,0.202479916213357,0.760898103269313,0.726685025363015
112,"H5_k25_ar03",0.217881234947557,0.200197829983546,0.197772954731912,0.215655287520485,0.740448830111075,0.680353445939353
113,"H5_k25_ar03",0.183589620320971,0.178011877397301,0.191255613916396,0.196457705498217,0.692500873719348,0.671461602320069
114,"H5_k25_ar03",0.19698539493395,0.180626606293918,0.1911800805345,0.20670534126917,0.717601858723171,0.658008115042415
115,"H5_k25_ar03",0.213488417426994,0.191370236955258,0.203608508096815,0.224524300138273,0.723653258896282,0.648680135894416
116,"H5_k25_ar03",0.20006239583921,0.18861608854316,0.201526287096773,0.212277595997821,0.704524519204454,0.664216073878742
117,"H5_k25_ar03",0.193229079041108,0.180399440537554,0.177427802038179,0.190457721757117,0.73658206307106,0.687675958232702
118,"H5_k25_ar03",0.165767684860254,0.173659946409177,0.196948956815697,0.190026419078721,0.643944651199293,0.674603097171916
119,"H5_k25_ar03",0.157484849010176,0.156299635178109,0.179675888195562,0.180707848500866,0.659140727066159,0.654180105699043
120,"H5_k25_ar03",0.190378129709155,0.175941869854117,0.193410288872703,0.206629694249436,0.701498319399972,0.648304120874111
121,"H5_k25_ar03",0.180671571300304,0.172165491952824,0.195311848082514,0.202849643968556,0.679058411751953,0.647088109560164
122,"H5_k25_ar03",0.195388921931605,0.176732938382838,0.201023035691731,0.217606434148629,0.69698643885618,0.630437284439092
123,"H5_k25_ar03",0.169601134673444,0.160360010584047,0.174302749897967,0.182840533006216,0.697374539827208,0.65937641751666
124,"H5_k25_ar03",0.203775149006074,0.194797036053359,0.195948283336768,0.204875952322132,0.72081426054502,0.689055962829787
125,"H5_k25_ar03",0.224605453903479,0.205901906679394,0.206299971333908,0.224970426770608,0.736481440424576,0.675152495996703
126,"H5_k25_ar03",0.21555021870833,0.202188123514688,0.19268998349042,0.206667097604713,0.745534695364301,0.699318525279593
127,"H5_k25_ar03",0.16522290601385,0.152193435281133,0.189211120182019,0.199841474497971,0.657744835262307,0.605875107950238
128,"H5_k25_ar03",0.176541950635443,0.168716430163038,0.202542741300013,0.209106165811848,0.657063780040589,0.627938316977128
129,"H5_k25_ar03",0.213014056649698,0.205147111535925,0.208024786512153,0.215786845665472,0.715435700044722,0.689013531136211
130,"H5_k25_ar03",0.222677096499441,0.203309482353171,0.197951672548299,0.217796254227147,0.747381859702952,0.682377403895865
131,"H5_k25_ar03",0.192388115391371,0.180058343204135,0.184571509399869,0.196618468279487,0.721614170773229,0.675367351864402
132,"H5_k25_ar03",0.179330186322109,0.169951744101528,0.21471418017616,0.22221138488361,0.64103143951083,0.607507377330748
133,"H5_k25_ar03",0.229503175141286,0.20977641484431,0.185977520210124,0.207974039722526,0.776931487516712,0.710150968197186
134,"H5_k25_ar03",0.190727832017582,0.183333403805204,0.192607453995761,0.199658709527167,0.703631140002919,0.676351692123151
135,"H5_k25_ar03",0.162676666489896,0.165877695514306,0.20079404806254,0.198157860526575,0.629499985324725,0.641886812319456
136,"H5_k25_ar03",0.166686012455824,0.172432859110992,0.193130672008937,0.188017531942784,0.653375876966922,0.675902368049127
137,"H5_k25_ar03",0.165576952016379,0.160192780375504,0.190474161822255,0.195024117679047,0.656059681779523,0.634726169534355
138,"H5_k25_ar03",0.190366563231946,0.184098422584397,0.197085405529143,0.202952842481365,0.694740322578801,0.67186482395386
139,"H5_k25_ar03",0.193180460109879,0.178907224997086,0.19109488027024,0.204519310280482,0.710933995590032,0.658406281022201
140,"H5_k25_ar03",0.190095342871954,0.18392099790356,0.195148241089971,0.200977963747954,0.697772271896936,0.675108451463556
141,"H5_k25_ar03",0.180015924616834,0.180048389509129,0.192004321003901,0.191973878001648,0.68396513911642,0.684088488506883
142,"H5_k25_ar03",0.211360769987276,0.190221088875786,0.194261491851235,0.215004278219742,0.736261426287804,0.662622728967803
143,"H5_k25_ar03",0.170993584046847,0.173940689533073,0.204657297638555,0.202158481856838,0.641170472634605,0.652221162214803
144,"H5_k25_ar03",0.237373997187836,0.218066649785482,0.18507682276626,0.207477182161124,0.788622958218053,0.724478538002812
145,"H5_k25_ar03",0.198018796565284,0.187980482588507,0.194872867495032,0.204573254470598,0.712745819008776,0.676614065655318
146,"H5_k25_ar03",0.147908836957928,0.15365245833743,0.205816541597182,0.201564865222428,0.583579326641747,0.606240979360226
147,"H5_k25_ar03",0.202988739876127,0.194070417660272,0.20422837282972,0.212721248995818,0.704950970558791,0.673978908238194
148,"H5_k25_ar03",0.18407612631139,0.173499597014857,0.20046844491366,0.209689073438722,0.676350089342519,0.637488794953139
149,"H5_k25_ar03",0.168961035667861,0.168191313278735,0.208055110140632,0.208677843977652,0.63040440486336,0.627532521516356
150,"H5_k25_ar03",0.181872084121829,0.166137710533434,0.181326375074857,0.195844250411684,0.708168416314063,0.646902354072627
151,"H5_k25_ar03",0.172861525349499,0.173216129627415,0.199150768006454,0.198842419469826,0.655502466231802,0.656847149371909
152,"H5_k25_ar03",0.229817070024184,0.214958380010013,0.195701447777276,0.211914693214259,0.761355485480066,0.712130486013548
153,"H5_k25_ar03",0.222035083486089,0.203188398778082,0.195995766963349,0.215472489121523,0.749699712963389,0.686064030286288
154,"H5_k25_ar03",0.208958627737636,0.192491499066834,0.189178563742095,0.205910805623505,0.741322604006066,0.682902165286164
155,"H5_k25_ar03",0.20174196053974,0.188007684258706,0.194732781092165,0.208023521107556,0.71949512194033,0.670513022424952
156,"H5_k25_ar03",0.236073532014723,0.212945157327907,0.198922341978639,0.223506533745136,0.764713928202814,0.689794092384039
157,"H5_k25_ar03",0.175427650477533,0.17061721195901,0.19483743083786,0.199063437102095,0.669120579064047,0.650772482864247
158,"H5_k25_ar03",0.196317751106805,0.186160003551505,0.189890972509594,0.199859185222938,0.718774012154576,0.68158366679042
159,"H5_k25_ar03",0.180000016480754,0.170063197110212,0.205957484762649,0.214235852395162,0.658063906330293,0.621735786481615
160,"H5_k25_ar03",0.21676879714604,0.196647220562043,0.207583476415648,0.226736591096739,0.722243291203753,0.655201014420516
161,"H5_k25_ar03",0.215416764327418,0.19638538916665,0.188932821189971,0.208645086685402,0.751809722034597,0.685389762036471
162,"H5_k25_ar03",0.196730509621986,0.186691811310601,0.19553018758547,0.205136820836491,0.709267215030588,0.673074966011716
163,"H5_k25_ar03",0.194697935418127,0.180454655137264,0.199690367404232,0.212649115515229,0.698099818494259,0.647029778344733
164,"H5_k25_ar03",0.165751212825112,0.159653152227093,0.188434332863408,0.19362807993322,0.66046843798495,0.636169511363156
165,"H5_k25_ar03",0.190187033130309,0.177898672569285,0.196522527253054,0.207711996733273,0.695428871231099,0.650495835715588
166,"H5_k25_ar03",0.198683750176709,0.197065828197586,0.191417304833841,0.193082564026202,0.720153194678095,0.714288841498887
167,"H5_k25_ar03",0.204049497840807,0.184027686686481,0.185076928562992,0.204996286766905,0.740703175577318,0.668023657814481
168,"H5_k25_ar03",0.215074286188543,0.202177962690044,0.188358104810364,0.202138060814302,0.752285225621449,0.707176561983946
169,"H5_k25_ar03",0.172961000680881,0.162545314589085,0.178824947331169,0.188342481266607,0.695223384604723,0.653357134356327
170,"H5_k25_ar03",0.189484774930684,0.183782820614728,0.192988380526299,0.198425980646663,0.700600008939595,0.679517633080146
171,"H5_k25_ar03",0.181992297019794,0.174644516288631,0.189412696347281,0.196208202281144,0.692841039129611,0.66486818467126
172,"H5_k25_ar03",0.210049765818821,0.202177231009129,0.201506054746978,0.209403823942437,0.721630515652745,0.694584251963441
173,"H5_k25_ar03",0.243815207552599,0.226708046092652,0.199353229948485,0.218611590638883,0.774162578518395,0.719843882158545
174,"H5_k25_ar03",0.223962681306566,0.20260793772374,0.17591744037104,0.200140580632858,0.786409144670104,0.711425377117189
175,"H5_k25_ar03",0.185853088994721,0.178560917315025,0.199137932115707,0.205701933641414,0.682300629178628,0.655529735285782
176,"H5_k25_ar03",0.134604244605504,0.135883581500801,0.190655408957777,0.189745724350222,0.576751705434681,0.582233402823576
177,"H5_k25_ar03",0.15417386796152,0.147356052756417,0.182536378124652,0.188083238533182,0.645259085879824,0.616724696329191
178,"H5_k25_ar03",0.156914798952326,0.154232586649176,0.194193100676664,0.19633013955114,0.628498351410829,0.617755158149779
179,"H5_k25_ar03",0.203578150902775,0.186053555863298,0.195506393031353,0.212251943670124,0.721260988468321,0.65917276001832
180,"H5_k25_ar03",0.193486677377686,0.180389865210286,0.188971931826437,0.201511741271538,0.715404004062662,0.666979420044789
181,"H5_k25_ar03",0.218519116992904,0.203801859776024,0.210769444201243,0.225031475691941,0.719754459194249,0.671279013866041
182,"H5_k25_ar03",0.19423977327388,0.189839954011311,0.197269473247528,0.201507137486068,0.701613817501587,0.685721222812571
183,"H5_k25_ar03",0.16769144097776,0.158845982826823,0.198433788899448,0.205582931426636,0.645461927404575,0.611414832134891
184,"H5_k25_ar03",0.19714328702603,0.185322775555276,0.183566222267763,0.19549297285983,0.731858751838022,0.687977243613343
185,"H5_k25_ar03",0.187180077546818,0.173434147346976,0.166952670077853,0.181190982144765,0.746279042434226,0.691474600843267
186,"H5_k25_ar03",0.217357076025449,0.206005318121822,0.191725359087585,0.203873786252974,0.749941055952135,0.710774402329307
187,"H5_k25_ar03",0.232588825544525,0.219858038983772,0.205402850939597,0.218975650784525,0.749554134643986,0.708527169218875
188,"H5_k25_ar03",0.200165663685454,0.19892950704155,0.187942388977085,0.18925032555126,0.729015298844088,0.724513142537251
189,"H5_k25_ar03",0.210249963028475,0.194934107746956,0.191518071192933,0.207086726237668,0.739271614537904,0.685418682062171
190,"H5_k25_ar03",0.191365981823017,0.180719832379783,0.181755905101862,0.19234471716974,0.725078471746721,0.68474061391666
191,"H5_k25_ar03",0.15639220190265,0.155281068992101,0.196037447283185,0.1969187425461,0.62363007878883,0.619199321397345
192,"H5_k25_ar03",0.21012364382979,0.191406116179992,0.18184707979562,0.201454721501866,0.756152102330864,0.688795104208863
193,"H5_k25_ar03",0.155081099107203,0.154578697506824,0.184761675342447,0.185182208251062,0.642903511150198,0.640820757321715
194,"H5_k25_ar03",0.166863654701256,0.164088467827637,0.183304054079246,0.185792438565528,0.673166541187052,0.661970796060851
195,"H5_k25_ar03",0.159219853239932,0.155985907068593,0.189084599929306,0.191761164973932,0.644113771920759,0.63103104872875
196,"H5_k25_ar03",0.200416704189034,0.187949197587954,0.199511447753201,0.211297828262898,0.70870553551583,0.664618437197262
197,"H5_k25_ar03",0.155948734429142,0.150719477887951,0.188819322843345,0.193019127120225,0.636802695472195,0.615449494544113
198,"H5_k25_ar03",0.185780298765428,0.182383218589477,0.192940725189922,0.196155051994914,0.693613648546673,0.680930596625104
199,"H5_k25_ar03",0.208630671167722,0.201899659103231,0.192883708333455,0.199918507263231,0.734274264362332,0.710584512014777
200,"H5_k25_ar03",0.201135305150424,0.18606829744918,0.178992986704589,0.194608553131014,0.747029196214021,0.691069380288156
