"rep","cell","dep","rel","deg","rho_hat","cf_hl","cf_ad","cf_e3","pp_hl","pp_edge"
1,"B_p160","quadratic",1.5,1,0.651538490626567,0.13892192474945,0.225303919965306,0.0430403908201384,0.0566666666666667,0.01
2,"B_p160","quadratic",1.5,1,0.180355459015506,0.0968090924178178,0.267399009052511,0.0354673846703289,0.04,0.00666666666666667
3,"B_p160","quadratic",1.5,3,0.787381127309771,0.166743047855994,0.0252010651833352,0.0252010651833352,0.07,0.0133333333333333
4,"B_p160","quadratic",1.5,2,0.756908143696815,0.00201474078996644,0.000562143103291168,0.000904392588410019,0.00333333333333333,0.00333333333333333
5,"B_p160","quadratic",1.5,1,0.228746468857232,0.01156749907204,0.564483779419429,0.131018230895768,0.00333333333333333,0.0566666666666667
6,"B_p160","quadratic",1.5,1,0.627383646463673,0.345681978731855,0.40321741064375,0.344124656672271,0.246666666666667,0.196666666666667
7,"B_p160","quadratic",1.5,1,0.470326786396419,0.35179324894558,0.586420965112742,0.299508833806427,0.203333333333333,0.136666666666667
8,"B_p160","quadratic",1.5,1,0.392039970556472,0.0036997005676116,0.00678430019571485,0.0033151318189506,0.00333333333333333,0.00333333333333333
9,"B_p160","quadratic",1.5,1,0.586159652857414,0.107106777657063,0.0319019075842237,0.0163506326211416,0.0733333333333333,0.00333333333333333
10,"B_p160","quadratic",1.5,1,0.150070183790903,0.205339369950497,0.392067581956546,0.0764410950673833,0.0833333333333333,0.0166666666666667
11,"B_p160","quadratic",1.5,1,0.143009464466432,0.201932260361652,0.0126611984307015,0.80978342505466,0.0866666666666667,0.7
12,"B_p160","quadratic",1.5,1,0.5940442020639,0.0989688120870438,0.210400687518613,0.0873913536230537,0.05,0.02
13,"B_p160","quadratic",1.5,1,0.498664459697097,0.137028086566544,0.214797870595426,0.0497183937333684,0.06,0.01
14,"B_p160","quadratic",1.5,1,0.497929069503309,0.418698166250533,0.113756320817045,0.500405154904563,0.313333333333333,0.44
15,"B_p160","quadratic",1.5,1,0.345000498687759,0.823931488836499,0.147058869405796,0.848844284053964,0.716666666666667,0.743333333333333
16,"B_p160","quadratic",1.5,1,0.418424788630356,0.0557606856946544,0.662051255995367,0.403860311540186,0.0233333333333333,0.236666666666667
17,"B_p160","quadratic",1.5,1,0.425016133765819,0.0583106115936904,0.111681445317795,0.0519530522138723,0.02,0.0133333333333333
18,"B_p160","quadratic",1.5,1,0.073611184840696,0.246821540614519,0.0739059295487181,0.0559039092580735,0.0866666666666667,0.0133333333333333
19,"B_p160","quadratic",1.5,1,0.654889178795638,0.508904196206638,0.600143382058137,0.329471774755224,0.336666666666667,0.166666666666667
20,"B_p160","quadratic",1.5,1,0.439128241340956,0.391244071155271,0.779177962960021,0.0884316366817044,0.213333333333333,0.0233333333333333
21,"B_p160","quadratic",1.5,1,0.485447578874604,0.750840025032575,0.956935959743581,0.657543262140087,0.646666666666667,0.593333333333333
22,"B_p160","quadratic",1.5,1,0.479107954337745,0.374066385630758,0.821253820314311,0.431594779064858,0.206666666666667,0.28
23,"B_p160","quadratic",1.5,1,0.430673209065473,0.158090827953757,0.201013493272637,0.918911366953539,0.07,0.846666666666667
24,"B_p160","quadratic",1.5,1,0.466660783454942,0.140564309644693,0.00908685869858061,0.245993104060906,0.0533333333333333,0.106666666666667
25,"B_p160","quadratic",1.5,1,0.341598079607528,0.0666999322126196,0.0582728625238635,0.204412171670592,0.0166666666666667,0.05
26,"B_p160","quadratic",1.5,1,0.345095004682596,0.654604343715907,0.190293488919901,0.193945662531222,0.433333333333333,0.0733333333333333
27,"B_p160","quadratic",1.5,1,0.120202386228189,0.552364346597644,0.124497325277474,0.897712893212581,0.316666666666667,0.856666666666667
28,"B_p160","quadratic",1.5,1,0.48947361172331,0.275905787123757,0.67518025714988,0.805937759271816,0.13,0.716666666666667
29,"B_p160","quadratic",1.5,1,0.533642064416252,0.406528492867226,0.976341006256613,0.216788811899809,0.24,0.0933333333333333
30,"B_p160","quadratic",1.5,1,0.579450051218065,0.39868025198087,0.322981665657654,0.0938835308910142,0.243333333333333,0.0333333333333333
31,"B_p160","quadratic",1.5,1,0.596387850953021,0.0381548718358622,0.638017397784811,0.0224912977895775,0.0133333333333333,0.00333333333333333
32,"B_p160","quadratic",1.5,1,0.440126196412738,0.835920881176662,0.393759817715419,0.63135849264877,0.79,0.563333333333333
33,"B_p160","quadratic",1.5,1,0.602716411479408,0.33742782408927,0.519080361362562,0.521572883900331,0.203333333333333,0.39
34,"B_p160","quadratic",1.5,2,0.693401810527956,0.0764701024073461,0.00436709363666798,0.0214318163532939,0.01,0.00333333333333333
35,"B_p160","quadratic",1.5,3,0.999999999986808,0.740648807769702,0.276762483757974,0.276762483757974,0.613333333333333,0.14
36,"B_p160","quadratic",1.5,1,0.34383777401617,0.00146570242407051,0.988890966875015,0.00132157336185756,0.00333333333333333,0.00333333333333333
37,"B_p160","quadratic",1.5,1,0.432530869517547,0.499431273867202,0.648894777716733,0.374211367817033,0.25,0.246666666666667
38,"B_p160","quadratic",1.5,1,0.588466267945197,0.248164933839806,0.0357111242202355,0.165455700443587,0.136666666666667,0.0766666666666667
39,"B_p160","quadratic",1.5,1,0.145400467345325,0.368175627587338,0.98298241685673,0.127041981945251,0.18,0.05
40,"B_p160","quadratic",1.5,1,0.281391032630826,0.694743100569999,0.209366326127791,0.179142837630045,0.57,0.113333333333333
41,"B_p160","quadratic",1.5,1,0.206016130094981,0.240582420757476,0.592124221090909,0.491736383342352,0.0833333333333333,0.26
42,"B_p160","quadratic",1.5,2,0.744308293276164,0.159461812810181,0.087200096627972,0.0294339989012059,0.09,0.0166666666666667
43,"B_p160","quadratic",1.5,1,0.4466621040699,0.151980874851361,0.306749573618194,0.371192288921238,0.0533333333333333,0.23
44,"B_p160","quadratic",1.5,1,0.607082028543829,0.771029793577142,0.0726089332732853,0.754282897776613,0.656666666666667,0.636666666666667
45,"B_p160","quadratic",1.5,1,0.0188803910819841,0.364504057940276,0.847227999466324,0.45677414332988,0.143333333333333,0.276666666666667
46,"B_p160","quadratic",1.5,3,0.806668113012662,0.115230588306448,0.0304436203952199,0.0304436203952199,0.0466666666666667,0.01
47,"B_p160","quadratic",1.5,1,0.454005528502146,0.476079340539513,0.753422264342196,0.195740807199775,0.296666666666667,0.07
48,"B_p160","quadratic",1.5,1,0.454071633447907,0.0219880408657187,0.739615222665842,0.0551541117807902,0.00666666666666667,0.0133333333333333
49,"B_p160","quadratic",1.5,1,0.531799169532534,0.099467577925916,0.182185228694615,0.0570995568836535,0.0433333333333333,0.02
50,"B_p160","quadratic",1.5,1,0.589922490531564,0.227224193716563,0.800678826803679,0.0950520101607234,0.0966666666666667,0.0166666666666667
51,"B_p160","quadratic",1.5,1,0.0449353641398913,0.48655118133503,0.588345347355727,0.491399021702727,0.29,0.326666666666667
52,"B_p160","quadratic",1.5,1,0.282021331606311,0.457385969869974,0.438651050925345,0.764344342180441,0.333333333333333,0.636666666666667
53,"B_p160","quadratic",1.5,1,0.54544469498225,0.723296558364767,0.756513410847037,0.623012866063877,0.586666666666667,0.456666666666667
54,"B_p160","quadratic",1.5,1,0.349008067673227,0.415262782143595,0.849391446561607,0.0616535104256986,0.246666666666667,0.02
55,"B_p160","quadratic",1.5,1,0.380345988491659,0.352533561081614,0.801402202662474,0.268287372262881,0.196666666666667,0.153333333333333
56,"B_p160","quadratic",1.5,1,0.54815259050104,0.0813240418275495,0.688563367128166,0.0648888977102942,0.0433333333333333,0.0233333333333333
57,"B_p160","quadratic",1.5,1,0.270927727108728,0.580305083041087,0.986922360576504,0.245374467718827,0.386666666666667,0.09
58,"B_p160","quadratic",1.5,2,0.756503844057435,0.665732828215287,0.845584373420526,0.616041422994043,0.463333333333333,0.49
59,"B_p160","quadratic",1.5,1,0.533333359466132,0.0770761005378697,0.947294965079196,0.100134447675664,0.02,0.0133333333333333
60,"B_p160","quadratic",1.5,1,0.430096597284716,0.307498243515752,0.96587817341047,0.0855899815178172,0.153333333333333,0.0133333333333333
61,"B_p160","quadratic",1.5,1,0.470820829129015,0.990465535223889,0.49785332127364,0.906461222349619,0.963333333333333,0.85
62,"B_p160","quadratic",1.5,1,0.250417449563378,0.7907343137001,0.771672195449482,0.907163060524689,0.676666666666667,0.86
63,"B_p160","quadratic",1.5,1,0.510324376854762,0.0307726448368271,0.299099169201544,0.0399725481670545,0.0133333333333333,0.00666666666666667
64,"B_p160","quadratic",1.5,1,0.577636287017841,0.0954586270828404,0.155746324465241,0.021340242347225,0.04,0.00666666666666667
65,"B_p160","quadratic",1.5,1,0.436361624729182,0.0599478367787861,0.27627693661346,0.207516232283126,0.0166666666666667,0.176666666666667
66,"B_p160","quadratic",1.5,1,0.0984861590549762,0.142694898680948,0.474101042980444,0.2105735217611,0.0333333333333333,0.06
67,"B_p160","quadratic",1.5,1,0.365157716254739,0.145767245600586,0.624828207782151,0.356014912839727,0.05,0.19
68,"B_p160","quadratic",1.5,1,0.515992987824787,0.196859739603048,0.198099827687197,0.0998824271912863,0.0933333333333333,0.04
69,"B_p160","quadratic",1.5,1,0.493711340284953,0.00417388487462933,0.158843387581911,0.0902145391456468,0.00333333333333333,0.01
70,"B_p160","quadratic",1.5,1,0.515702996840652,0.460584077482985,0.499969517953919,0.16486218227796,0.293333333333333,0.09
71,"B_p160","quadratic",1.5,1,0.463821817772914,0.961057595818869,0.0369498576887254,0.861221298916517,0.926666666666667,0.793333333333333
72,"B_p160","quadratic",1.5,1,0.5322337638181,0.853567183216278,0.723824383664167,0.388167107380476,0.763333333333333,0.246666666666667
73,"B_p160","quadratic",1.5,1,0.322485947757047,0.331880405672648,0.527979892757526,0.172705484272376,0.16,0.06
74,"B_p160","quadratic",1.5,1,0.441620798031135,0.0141613219722845,0.20260648054142,0.0587824660175613,0.00333333333333333,0.00666666666666667
75,"B_p160","quadratic",1.5,1,0.277982724087084,0.396043376712628,0.818590322615157,0.476632224201102,0.206666666666667,0.326666666666667
76,"B_p160","quadratic",1.5,1,0.531578952928695,0.569431872824827,0.936097475132613,0.632856726535918,0.37,0.473333333333333
77,"B_p160","quadratic",1.5,1,0.528501967691237,0.174611283065368,0.485914836993592,0.0878991947781582,0.113333333333333,0.05
78,"B_p160","quadratic",1.5,1,0.286566729970901,0.397274256121184,0.247154016617227,0.337712061363902,0.24,0.173333333333333
79,"B_p160","quadratic",1.5,1,0.523810101571155,0.301991174342748,0.28027820422157,0.783048205367723,0.13,0.723333333333333
80,"B_p160","quadratic",1.5,1,0.45103207973134,0.00105379421058016,0.663573994245786,0.064722646870179,0.00333333333333333,0.01
81,"B_p160","quadratic",1.5,1,0.325948329908054,0.0102430863171378,0.89763510472362,0.00272740364071811,0.00333333333333333,0.00333333333333333
82,"B_p160","quadratic",1.5,1,0.489841494007555,0.153051085333024,0.641336819992029,0.0949410210754357,0.07,0.02
83,"B_p160","quadratic",1.5,1,0.270206636082959,0.655485661093526,0.541994192492758,0.432086409527324,0.52,0.326666666666667
84,"B_p160","quadratic",1.5,1,0.378405633461067,0.0849755503080014,0.214495014813818,0.116726518675816,0.0266666666666667,0.0266666666666667
85,"B_p160","quadratic",1.5,1,0.344418189691337,0.260900588214144,0.809292338472648,0.0780168798848705,0.153333333333333,0.02
86,"B_p160","quadratic",1.5,1,0.474600056069699,0.179289515302973,0.454110250491548,0.0735516232270967,0.106666666666667,0.0333333333333333
87,"B_p160","quadratic",1.5,1,0.26908898265707,0.550709178522346,0.693460614722946,0.284925088818977,0.376666666666667,0.213333333333333
88,"B_p160","quadratic",1.5,1,0.353615255763779,0.137472190926248,0.470340304938778,0.601325489585829,0.0766666666666667,0.456666666666667
89,"B_p160","quadratic",1.5,1,0.453561536581321,0.442411142545084,0.333498695415147,0.066960278380898,0.273333333333333,0.0166666666666667
90,"B_p160","quadratic",1.5,1,0.436530988425523,0.765479035877739,0.836655220682692,0.770732203376199,0.653333333333333,0.66
91,"B_p160","quadratic",1.5,1,0.144120618265315,0.264053762758952,0.318155820976218,0.269512012981,0.13,0.136666666666667
92,"B_p160","quadratic",1.5,1,0.631143815926637,0.800887048541576,0.263479733503033,0.36564137243079,0.633333333333333,0.273333333333333
93,"B_p160","quadratic",1.5,1,0.445020817148745,0.0325722023163504,0.849210106803038,0.0412053706365149,0.01,0.01
94,"B_p160","quadratic",1.5,1,0.496312213229295,0.0026580005476956,0.00540303182100865,0.00523344271783888,0.00333333333333333,0.00333333333333333
95,"B_p160","quadratic",1.5,1,0.549221033475917,0.483139411537897,0.436632350805084,0.905373955194462,0.3,0.84
96,"B_p160","quadratic",1.5,1,0.659655499123458,0.0121202467191737,0.751783415196598,0.283084769627113,0.00333333333333333,0.153333333333333
97,"B_p160","quadratic",1.5,1,0.572203874239911,0.661505905388212,0.46998334324224,0.4865927108097,0.56,0.376666666666667
98,"B_p160","quadratic",1.5,1,0.382870300625628,0.373068312159302,0.683331169307894,0.128564003046305,0.223333333333333,0.02
99,"B_p160","quadratic",1.5,1,0.345446059883521,0.585445575280026,0.480887797672307,0.981180286014608,0.42,0.97
100,"B_p160","quadratic",1.5,1,0.261909530054407,0.0271290499723261,0.251145487114069,0.0276926385353649,0.0166666666666667,0.00666666666666667
101,"B_p160","quadratic",1.5,1,0.605916561541822,0.0423380441390266,0.0579736916684918,0.00797714334223654,0.0133333333333333,0.00333333333333333
102,"B_p160","quadratic",1.5,1,0.483611190784633,0.0359201979152861,0.856749368320106,0.0586379565110794,0.00666666666666667,0.02
103,"B_p160","quadratic",1.5,1,0.629643472990065,0.185057387957432,0.490007909296125,0.173372879449662,0.07,0.06
104,"B_p160","quadratic",1.5,1,0.612345347017616,0.389182762706196,0.41028546885261,0.681356667946507,0.193333333333333,0.51
105,"B_p160","quadratic",1.5,1,0.323929109208682,0.433916355033345,0.237571874761249,0.411639054375524,0.23,0.24
106,"B_p160","quadratic",1.5,1,0.317165268747974,0.448229628565273,0.0248738639177721,0.251174082432392,0.276666666666667,0.0966666666666667
107,"B_p160","quadratic",1.5,1,0.434644979010075,0.0351832949190531,0.60366087885105,0.0333038798687636,0.0166666666666667,0.00333333333333333
108,"B_p160","quadratic",1.5,1,0.569257909309048,0.276074761908099,0.536280932170914,0.0537577632011668,0.16,0.0133333333333333
109,"B_p160","quadratic",1.5,1,0.150142986857177,0.668433369479425,0.550604235646535,0.42871905891289,0.54,0.303333333333333
110,"B_p160","quadratic",1.5,1,0.622070940303481,0.00174992277340391,0.927762684456134,0.00355228795825135,0.00666666666666667,0.00333333333333333
111,"B_p160","quadratic",1.5,1,0.553315871121247,0.307507854856488,0.41407851220505,0.389761979174383,0.173333333333333,0.286666666666667
112,"B_p160","quadratic",1.5,1,0.628400229177371,0.13639125080001,0.428650883143357,0.0343146444133824,0.08,0.01
113,"B_p160","quadratic",1.5,1,0.411263757967892,0.714764703244515,0.0967267230399725,0.593504794447746,0.59,0.47
114,"B_p160","quadratic",1.5,1,0.665401981209502,0.00632177534287393,0.515744053971805,0.0295619479146346,0.00333333333333333,0.00666666666666667
115,"B_p160","quadratic",1.5,1,0.181962412804631,0.614942883305396,0.0645268628836042,0.490530532963455,0.466666666666667,0.27
116,"B_p160","quadratic",1.5,1,0.548975405601404,0.771805319284748,0.547730139316288,0.388237341430585,0.666666666666667,0.27
117,"B_p160","quadratic",1.5,1,0.207765364562772,0.00160452235313058,0.302779430409145,0.00387858289704257,0.00333333333333333,0.00333333333333333
118,"B_p160","quadratic",1.5,1,0.249577141417071,0.236451308195521,0.881342574747043,0.142852264218373,0.0933333333333333,0.0366666666666667
119,"B_p160","quadratic",1.5,1,0.30201684187002,0.00872729296171015,0.96789373280113,0.0239417241795639,0.00333333333333333,0.00333333333333333
120,"B_p160","quadratic",1.5,1,0.418795361781028,0.137182729410059,0.491841021787171,0.161488574426844,0.06,0.0766666666666667
121,"B_p160","quadratic",1.5,1,0.6524901826774,0.595881663023386,0.671750670912851,0.494679089873848,0.41,0.346666666666667
122,"B_p160","quadratic",1.5,1,0.538415612294734,0.700792967627516,0.254659286083809,0.580188938096146,0.593333333333333,0.513333333333333
123,"B_p160","quadratic",1.5,1,0.556825858357595,0.805816782900392,0.031050163068377,0.318885882718805,0.77,0.23
124,"B_p160","quadratic",1.5,1,0.348965167353728,0.640351813723135,0.942230754331968,0.985749847720897,0.466666666666667,0.98
125,"B_p160","quadratic",1.5,1,0.428152595912654,0.171232063832232,0.838367450663271,0.869792279342029,0.08,0.853333333333333
126,"B_p160","quadratic",1.5,1,0.241474577467128,0.600676925367252,0.658843737760546,0.3592491693482,0.456666666666667,0.203333333333333
127,"B_p160","quadratic",1.5,1,0.368409493372605,0.412676210429418,0.39132252034765,0.296057251866759,0.256666666666667,0.153333333333333
128,"B_p160","quadratic",1.5,1,0.198521158743098,0.378667564057935,0.887781281712502,0.431941215449135,0.193333333333333,0.276666666666667
129,"B_p160","quadratic",1.5,1,0.410313295635927,0.629793442329832,0.0258118216920064,0.466368078800873,0.483333333333333,0.33
130,"B_p160","quadratic",1.5,1,0.625241510125741,0.195644516273415,0.800275603325517,0.0523942150103078,0.0933333333333333,0.02
131,"B_p160","quadratic",1.5,1,0.499864191332624,0.109919084778308,0.103702712757664,0.0336626958668461,0.0233333333333333,0.00666666666666667
132,"B_p160","quadratic",1.5,1,0.35942309406196,0.0869101279621194,0.70342351866386,0.196732641250465,0.0533333333333333,0.116666666666667
133,"B_p160","quadratic",1.5,1,0.372597635333892,0.074213301574388,0.839297880725165,0.195207114762024,0.0166666666666667,0.0633333333333333
134,"B_p160","quadratic",1.5,1,0.59303131044772,0.0129038498076004,0.369894217740441,0.010995329555942,0.00333333333333333,0.00333333333333333
135,"B_p160","quadratic",1.5,1,0.513160236988847,0.104493507878594,0.622549679037726,0.681806190188098,0.0333333333333333,0.596666666666667
136,"B_p160","quadratic",1.5,1,0.598037783033271,0.374552200983571,0.18381205604535,0.189761599975114,0.233333333333333,0.11
137,"B_p160","quadratic",1.5,1,0.399295532976513,0.0713485204820484,0.913568347983327,0.00849217076672582,0.02,0.00333333333333333
138,"B_p160","quadratic",1.5,1,0.398888635779364,0.490789351309069,0.154706244216947,0.386496269667645,0.286666666666667,0.25
139,"B_p160","quadratic",1.5,1,0.521593798573291,0.155862941510817,0.338287654497255,0.109152404287882,0.0733333333333333,0.0366666666666667
140,"B_p160","quadratic",1.5,1,0.385406997440457,0.744181131212343,0.160760573060346,0.424466566767144,0.596666666666667,0.23
141,"B_p160","quadratic",1.5,1,0.285070188048846,0.777119662558158,0.872563746750672,0.383397205288087,0.67,0.23
142,"B_p160","quadratic",1.5,1,0.082583335778581,0.40750587584035,0.0894974068383124,0.451484199175353,0.213333333333333,0.323333333333333
143,"B_p160","quadratic",1.5,1,0.481166702825495,0.0234985832359894,0.48980803898284,0.0102378247214288,0.01,0.01
144,"B_p160","quadratic",1.5,1,0.11994430819005,0.0859783835213808,0.996380392174026,0.064303593255345,0.02,0.00666666666666667
145,"B_p160","quadratic",1.5,1,0.588747276982135,0.220533249526709,0.458764366558975,0.33884972396624,0.0733333333333333,0.173333333333333
146,"B_p160","quadratic",1.5,1,0.60585674703912,0.199192996142381,0.126414348136801,0.160958592464207,0.1,0.08
147,"B_p160","quadratic",1.5,1,0.415920979042302,0.429969412954972,0.951174134617363,0.309313267510628,0.326666666666667,0.173333333333333
148,"B_p160","quadratic",1.5,1,0.45472512904962,0.297176906092253,0.0358198071338304,0.738693402122951,0.22,0.656666666666667
149,"B_p160","quadratic",1.5,1,0.661705156365079,0.662996923891065,0.853617392254748,0.657383177938743,0.543333333333333,0.613333333333333
150,"B_p160","quadratic",1.5,1,0.627232667235984,0.548263245589963,0.602540568495306,0.654399632308402,0.456666666666667,0.603333333333333
151,"B_p160","quadratic",1.5,1,0.504824020297216,0.0222843787530445,0.122872532666799,0.0250828147318682,0.00333333333333333,0.00666666666666667
152,"B_p160","quadratic",1.5,1,0.592936546153557,0.747607854503083,0.795631807651906,0.647751021365075,0.643333333333333,0.543333333333333
153,"B_p160","quadratic",1.5,1,0.235898179350425,0.756601560607011,0.19659840048609,0.972915375866678,0.626666666666667,0.953333333333333
154,"B_p160","quadratic",1.5,1,0.50654183582798,0.0252366431700766,0.466180504371786,0.258124407822872,0.01,0.13
155,"B_p160","quadratic",1.5,1,0.264265138444427,0.107725369181639,0.664465930650703,0.336898104473408,0.0166666666666667,0.166666666666667
156,"B_p160","quadratic",1.5,1,0.564171217631269,0.172230277541186,0.168675273559641,0.641279141156129,0.0533333333333333,0.486666666666667
157,"B_p160","quadratic",1.5,1,0.193116222071715,0.824938186309012,0.987974480410865,0.368108225099902,0.75,0.283333333333333
158,"B_p160","quadratic",1.5,1,0.55042653684352,0.591326427953154,0.246061344326366,0.327261203840462,0.45,0.206666666666667
159,"B_p160","quadratic",1.5,1,0.653123968865054,0.361037963139746,0.156460800690536,0.980652271593604,0.256666666666667,0.943333333333333
160,"B_p160","quadratic",1.5,1,0.399672256036672,0.486010644657454,0.0356668744113168,0.275239958906382,0.29,0.153333333333333
161,"B_p160","quadratic",1.5,1,0.438875318311859,0.467467555156637,0.325011548147813,0.988343176900983,0.34,0.983333333333333
162,"B_p160","quadratic",1.5,1,0.524684807979491,0.0253497323287446,0.993278855213652,0.0338842908392147,0.0133333333333333,0.01
163,"B_p160","quadratic",1.5,1,0.540857172683058,0.0491475612574759,0.0470214267656296,0.0516098988784108,0.0233333333333333,0.01
164,"B_p160","quadratic",1.5,1,0.339198669649868,0.353231103900368,0.268501329665686,0.419759506400503,0.233333333333333,0.316666666666667
165,"B_p160","quadratic",1.5,1,0.455054237873016,0.201492154470464,0.37780529747095,0.22329669074133,0.1,0.11
166,"B_p160","quadratic",1.5,1,0.372074109357534,0.583331416941628,0.860497420710983,0.529235801173922,0.433333333333333,0.41
167,"B_p160","quadratic",1.5,1,0.508954778722898,0.168289863724524,0.968899770072072,0.0408704447550488,0.0433333333333333,0.00666666666666667
168,"B_p160","quadratic",1.5,1,0.345523034044649,0.318342909592994,0.0560060808056977,0.125902238711646,0.136666666666667,0.0533333333333333
169,"B_p160","quadratic",1.5,2,0.701689880547815,0.634042249550783,0.633466375717109,0.670366286847471,0.473333333333333,0.516666666666667
170,"B_p160","quadratic",1.5,2,0.758952692094053,0.134792586927657,0.00770000291922601,0.0535875088397882,0.07,0.01
171,"B_p160","quadratic",1.5,1,0.378122375903752,0.108533984251947,0.562847150751806,0.0754099409872862,0.03,0.01
172,"B_p160","quadratic",1.5,1,0.397500186758598,0.331409950377351,0.833108636539794,0.618562352923961,0.12,0.436666666666667
173,"B_p160","quadratic",1.5,1,0.628190542989877,0.0905664503398426,0.343231485228042,0.0369830124213015,0.0633333333333333,0.01
174,"B_p160","quadratic",1.5,1,0.484508457972129,0.443927697674826,0.931119157702322,0.720707490978053,0.293333333333333,0.596666666666667
175,"B_p160","quadratic",1.5,1,0.466060929022426,0.0820240244263402,0.459959752293681,0.0630262173580733,0.03,0.00666666666666667
176,"B_p160","quadratic",1.5,1,0.66636068594715,0.200866689975145,0.419742682468573,0.544935021271184,0.0966666666666667,0.383333333333333
177,"B_p160","quadratic",1.5,1,0.348568924143787,0.55339014246244,0.194768244558328,0.518632466215644,0.436666666666667,0.376666666666667
178,"B_p160","quadratic",1.5,1,0.496527401335192,0.383210597652568,0.143134197523589,0.0516477972249031,0.24,0.03
179,"B_p160","quadratic",1.5,1,0.342232019953181,0.391341813041925,0.392543567441056,0.196940937920302,0.226666666666667,0.0866666666666667
180,"B_p160","quadratic",1.5,1,0.455372473664494,0.0485220055818805,0.0277416424224095,0.402155963794592,0.0133333333333333,0.206666666666667
181,"B_p160","quadratic",1.5,1,0.407223601935942,0.318716002626666,0.308494054133232,0.676074606593282,0.2,0.573333333333333
182,"B_p160","quadratic",1.5,1,0.360556684388706,0.455127574662753,0.835484629536901,0.252473299085805,0.286666666666667,0.116666666666667
183,"B_p160","quadratic",1.5,2,0.703555817903207,0.240198152283051,0.00150496809614897,0.0264040290502686,0.126666666666667,0.00666666666666667
184,"B_p160","quadratic",1.5,1,0.168315583455929,0.732789248556789,0.906549909593983,0.450196067090383,0.53,0.31
185,"B_p160","quadratic",1.5,1,0.660658516454844,0.522291915604946,0.337647666373246,0.713655484373387,0.28,0.613333333333333
186,"B_p160","quadratic",1.5,1,0.476149840609456,0.471621657559307,0.641628521933728,0.293177154267526,0.233333333333333,0.11
187,"B_p160","quadratic",1.5,1,0.484169263220434,0.387181873000371,0.406615218407613,0.436361458259622,0.2,0.3
188,"B_p160","quadratic",1.5,1,0.406876329954754,0.39406642791924,0.237665204320178,0.221519986112825,0.25,0.13
189,"B_p160","quadratic",1.5,1,0.478889181817305,0.476775711866971,0.868315323591352,0.125646165560711,0.316666666666667,0.06
190,"B_p160","quadratic",1.5,1,0.539804450851845,0.48937452446534,0.110425770658118,0.283554927124929,0.316666666666667,0.18
191,"B_p160","quadratic",1.5,1,0.561529534182378,0.32069507817679,0.356371858656892,0.0937990283747339,0.136666666666667,0.01
192,"B_p160","quadratic",1.5,1,0.0440287657491644,0.631508760413795,0.352537311351087,0.148851414797479,0.396666666666667,0.0466666666666667
193,"B_p160","quadratic",1.5,1,0.187076307327508,0.618536014835413,0.44171467561205,0.464235672834031,0.566666666666667,0.32
194,"B_p160","quadratic",1.5,1,0.278877475242925,0.366139548657869,0.995650817461639,0.353467243406934,0.21,0.223333333333333
195,"B_p160","quadratic",1.5,1,0.169280509829909,0.814904017493965,0.659081369438998,0.685547838674976,0.696666666666667,0.556666666666667
196,"B_p160","quadratic",1.5,1,0.481329057637312,0.0627066872720191,0.591743639267898,0.125066039788404,0.0166666666666667,0.0466666666666667
197,"B_p160","quadratic",1.5,1,0.220665216459706,0.575479320310591,0.811421168918626,0.355180364817082,0.393333333333333,0.25
198,"B_p160","quadratic",1.5,1,0.278925798875903,0.408449344564176,0.477444713443217,0.161823415060492,0.33,0.1
199,"B_p160","quadratic",1.5,1,0.439270178035143,0.499351737790376,0.513164421538444,0.378442838021287,0.343333333333333,0.183333333333333
200,"B_p160","quadratic",1.5,1,0.474275451096965,0.291705297879804,0.612584882248815,0.163387964287446,0.123333333333333,0.06
201,"B_p160","quadratic",1.5,1,0.266314048975934,0.462262335774346,0.70765262556004,0.153169194605553,0.333333333333333,0.0866666666666667
202,"B_p160","quadratic",1.5,1,0.430260160348213,0.00341820262086101,0.599658909772808,0.000605480581892692,0.00333333333333333,0.00333333333333333
203,"B_p160","quadratic",1.5,1,0.389179423956009,0.969778477805406,0.414925068552382,0.707979384430406,0.97,0.666666666666667
204,"B_p160","quadratic",1.5,1,0.347681717145343,0.291378163293713,0.517971738137639,0.267935767168508,0.15,0.14
205,"B_p160","quadratic",1.5,1,0.595858003535929,0.722800722210702,0.324528840362092,0.378957783290504,0.586666666666667,0.213333333333333
206,"B_p160","quadratic",1.5,1,0.468618054661845,0.776920747675943,0.466919392656524,0.898636191459304,0.633333333333333,0.853333333333333
207,"B_p160","quadratic",1.5,1,0.247354659264929,0.573461510827373,0.296583031597723,0.17784482057115,0.403333333333333,0.08
208,"B_p160","quadratic",1.5,1,0.588088004465302,0.373437111204904,0.151864594890775,0.293253865389104,0.17,0.173333333333333
209,"B_p160","quadratic",1.5,1,0.392570837748108,0.518281896378914,0.641594239571915,0.846979128151997,0.323333333333333,0.73
210,"B_p160","quadratic",1.5,1,0.506010610995898,0.0173531849251716,0.0411855172619285,0.0284170047386053,0.00666666666666667,0.0133333333333333
211,"B_p160","quadratic",1.5,1,0.557039366850458,0.667925990102133,0.261278637424876,0.502576295793777,0.5,0.303333333333333
212,"B_p160","quadratic",1.5,1,0.290247747763457,0.894322445560641,0.882883788995247,0.592131875126619,0.816666666666667,0.513333333333333
213,"B_p160","quadratic",1.5,1,0.530181400554967,0.104298506094776,0.962278597751608,0.0191629500178214,0.0233333333333333,0.00333333333333333
214,"B_p160","quadratic",1.5,1,0.513046390894743,0.0388058310914474,0.405279208298865,0.0339858704671163,0.0166666666666667,0.02
215,"B_p160","quadratic",1.5,1,0.617892282485786,0.247993151337643,0.861638092047594,0.486438304914403,0.113333333333333,0.336666666666667
216,"B_p160","quadratic",1.5,1,0.507303545856826,0.018784890163143,0.206318574706641,0.00448229261648114,0.01,0.00333333333333333
217,"B_p160","quadratic",1.5,1,0.566655683250138,0.854770946246704,0.643863764627633,0.59650424467994,0.793333333333333,0.49
218,"B_p160","quadratic",1.5,1,0.305142391193054,0.237949715031326,0.954237425197116,0.146958391242731,0.123333333333333,0.0533333333333333
219,"B_p160","quadratic",1.5,1,0.438260302145329,0.00118873469284619,0.667964288403433,0.00622347231401887,0.00333333333333333,0.00333333333333333
220,"B_p160","quadratic",1.5,1,0.553988273096699,0.302844131668077,0.304574830965709,0.232890307810229,0.113333333333333,0.09
221,"B_p160","quadratic",1.5,1,0.49554755923866,0.0146075147206104,0.304157357745906,0.00457317731777229,0.00333333333333333,0.00333333333333333
222,"B_p160","quadratic",1.5,1,0.563325920036853,0.575210970098225,0.912617724143169,0.321567035153935,0.37,0.153333333333333
223,"B_p160","quadratic",1.5,1,0.282552132534656,0.114531912917389,0.379376202251372,0.0439139357372593,0.0233333333333333,0.00333333333333333
224,"B_p160","quadratic",1.5,1,0.356246585140444,0.0638052468972088,0.813265752159253,0.244285114835623,0.0266666666666667,0.14
225,"B_p160","quadratic",1.5,1,0.276194459056322,0.875194277694666,0.96405325322454,0.642541671358956,0.86,0.553333333333333
226,"B_p160","quadratic",1.5,1,0.535505910640506,0.760213577776753,0.761267133432169,0.266405187524191,0.68,0.17
227,"B_p160","quadratic",1.5,1,0.528404476493658,0.124215625966505,0.0302689049264885,0.0852160826676467,0.0333333333333333,0.02
228,"B_p160","quadratic",1.5,1,0.6025062318465,0.773663777512091,0.496188933785722,0.652593042389369,0.636666666666667,0.523333333333333
229,"B_p160","quadratic",1.5,1,0.285894803734005,0.425450289492944,0.359204590531196,0.451827854359675,0.246666666666667,0.31
230,"B_p160","quadratic",1.5,1,0.128805018371406,0.0789765275259369,0.914874128176186,0.0680353523123756,0.0333333333333333,0.0166666666666667
231,"B_p160","quadratic",1.5,2,0.718471758915122,0.187379315452862,0.169538264247343,0.154220658094643,0.103333333333333,0.0733333333333333
232,"B_p160","quadratic",1.5,1,0.532863195615556,0.511795986422558,0.709010342286236,0.142270944019359,0.303333333333333,0.0566666666666667
233,"B_p160","quadratic",1.5,1,0.642473214829304,0.13579888426769,0.329599386330141,0.284591096408747,0.0433333333333333,0.19
234,"B_p160","quadratic",1.5,2,0.706797298081811,0.272892657963675,0.17402114299879,0.397236302232185,0.2,0.26
235,"B_p160","quadratic",1.5,3,0.81143639714035,0.562240052521191,0.344070420816646,0.344070420816646,0.406666666666667,0.233333333333333
236,"B_p160","quadratic",1.5,1,0.324106941814743,0.321168110909139,0.71484511998848,0.206665656723755,0.223333333333333,0.13
237,"B_p160","quadratic",1.5,1,0.459448443418621,0.114279304827773,0.137564729831491,0.291396974939965,0.0766666666666667,0.163333333333333
238,"B_p160","quadratic",1.5,1,0.635376797833817,0.786905830612851,0.386415546409415,0.971999104241039,0.67,0.96
239,"B_p160","quadratic",1.5,1,0.424168874613944,0.48297964013391,0.110197302070013,0.339156454711107,0.303333333333333,0.193333333333333
240,"B_p160","quadratic",1.5,1,0.222039609211679,0.0109090926420485,0.521382707862901,0.0110752992448515,0.00333333333333333,0.00333333333333333
241,"B_p160","quadratic",1.5,1,0.464426789893596,0.412191776194341,0.837165880110749,0.625263083397489,0.253333333333333,0.546666666666667
242,"B_p160","quadratic",1.5,1,0.524252725335914,0.106728479570135,0.769451122463089,0.0554727065340933,0.04,0.02
243,"B_p160","quadratic",1.5,1,0.479351990297649,0.196274594033096,0.111159613537177,0.104846569258182,0.103333333333333,0.04
244,"B_p160","quadratic",1.5,1,0.113992419607219,0.39915139413531,0.823310126325712,0.923136083128154,0.193333333333333,0.886666666666667
245,"B_p160","quadratic",1.5,2,0.686800329309744,0.0900057309541192,0.0604244813404163,0.106704128428717,0.0466666666666667,0.03
246,"B_p160","quadratic",1.5,1,0.321532662507911,0.070970771675867,0.0843379244488269,0.166177014802555,0.0233333333333333,0.0366666666666667
247,"B_p160","quadratic",1.5,1,0.520379148037859,0.0149095159096126,0.545138346514577,0.022493455251308,0.00666666666666667,0.00333333333333333
248,"B_p160","quadratic",1.5,1,0.557598211283808,0.223332716334761,0.239624543787179,0.428589181171396,0.133333333333333,0.316666666666667
249,"B_p160","quadratic",1.5,1,0.0225943151579121,0.387454435086369,0.721638349481678,0.190259848384455,0.18,0.0566666666666667
250,"B_p160","quadratic",1.5,1,0.52330004520751,0.131004053138594,0.203486273494845,0.0266941428048335,0.06,0.00666666666666667
251,"B_p160","quadratic",1.5,1,0.15170789592516,0.988637092231726,0.226171530639228,0.708693035896517,0.98,0.66
252,"B_p160","quadratic",1.5,1,0.357375388348489,0.502754041781013,0.729634321807922,0.447535083455479,0.413333333333333,0.363333333333333
253,"B_p160","quadratic",1.5,1,0.188011322143761,0.354336961652665,0.470112996503301,0.334116994313178,0.266666666666667,0.206666666666667
254,"B_p160","quadratic",1.5,1,0.562555417430123,0.0218590456857681,0.167303859992354,0.0687157501130983,0.0133333333333333,0.0266666666666667
255,"B_p160","quadratic",1.5,1,0.160262896088384,0.317784824401855,0.103655735352007,0.0741493089683125,0.136666666666667,0.01
256,"B_p160","quadratic",1.5,1,0.453274784321649,0.560230544561324,0.603499312022233,0.195571431300093,0.356666666666667,0.0533333333333333
257,"B_p160","quadratic",1.5,1,0.231981198881573,0.256145362577677,0.555831750957388,0.145528193519513,0.1,0.03
258,"B_p160","quadratic",1.5,1,0.364498602849928,0.872496663859,0.0778531885965841,0.45333383166271,0.813333333333333,0.34
259,"B_p160","quadratic",1.5,1,0.00492314891213585,0.326277668513986,0.963113035357861,0.760143827652558,0.103333333333333,0.62
260,"B_p160","quadratic",1.5,1,0.489898418178973,0.501207318023049,0.621859376895004,0.912842386236745,0.4,0.876666666666667
261,"B_p160","quadratic",1.5,1,0.347090324167877,0.0928487972744096,0.793407016955027,0.28345149826669,0.03,0.13
262,"B_p160","quadratic",1.5,1,0.505988078493838,0.473272071791624,0.0820678376225012,0.137536363352995,0.39,0.0666666666666667
263,"B_p160","quadratic",1.5,1,0.38011312087374,0.632440743301512,0.202083713964731,0.24302721003327,0.513333333333333,0.16
264,"B_p160","quadratic",1.5,1,0.65569514013719,0.0734150504574713,0.493433550946578,0.250209283030757,0.05,0.15
265,"B_p160","quadratic",1.5,1,0.612504001091128,0.00185958553973409,0.136411394908298,0.0343801059295312,0.00333333333333333,0.01
266,"B_p160","quadratic",1.5,1,0.479515270763082,0.15426432018079,0.847566903347554,0.233334605913348,0.08,0.136666666666667
267,"B_p160","quadratic",1.5,1,0.164039935283452,0.367664746154759,0.0746966485582707,0.333001474895388,0.19,0.183333333333333
268,"B_p160","quadratic",1.5,1,0.502930536965997,0.452362875360588,0.909338063617671,0.367049335333516,0.313333333333333,0.263333333333333
269,"B_p160","quadratic",1.5,1,0.400800202778098,0.570459528216615,0.377141223966965,0.472891115015331,0.356666666666667,0.29
270,"B_p160","quadratic",1.5,1,0.591055977849561,0.830092278988942,0.298361891975736,0.446284789652483,0.773333333333333,0.303333333333333
271,"B_p160","quadratic",1.5,1,0.658305898762236,0.463208957486559,0.276067623707492,0.525560028583191,0.296666666666667,0.416666666666667
272,"B_p160","quadratic",1.5,3,0.839047890098643,0.35554001244327,0.538374363985351,0.538374363985351,0.173333333333333,0.3
273,"B_p160","quadratic",1.5,1,0.0516965295510987,0.304026005725076,0.895262829748927,0.52487300591395,0.14,0.38
274,"B_p160","quadratic",1.5,1,0.490075697359278,0.221018613500062,0.857331424256875,0.055173495273402,0.07,0.00333333333333333
275,"B_p160","quadratic",1.5,1,0.510355573387585,0.10480215514562,0.00187415802007485,0.0328522686874049,0.0333333333333333,0.01
276,"B_p160","quadratic",1.5,1,0.373750095738944,0.0987875588811036,0.612408979173513,0.0428424338333805,0.0333333333333333,0.00666666666666667
277,"B_p160","quadratic",1.5,1,0.499529268876764,0.793762396440987,0.125779470066408,0.376988202546148,0.73,0.256666666666667
278,"B_p160","quadratic",1.5,1,0.443020697694759,0.00381129885537612,0.314541775122198,0.0137823632522224,0.00333333333333333,0.00333333333333333
279,"B_p160","quadratic",1.5,1,0.419842619363241,0.2333841248471,0.468081042556349,0.0568324674487846,0.07,0.0133333333333333
280,"B_p160","quadratic",1.5,1,0.587565183547151,0.152590398118016,0.887649621835829,0.209918079487702,0.0733333333333333,0.1
281,"B_p160","quadratic",1.5,1,0.405856849902763,0.111479292946177,0.173802578003315,0.0785388749192073,0.0266666666666667,0.0166666666666667
282,"B_p160","quadratic",1.5,1,0.397230565007081,0.159745133946429,0.662309625832321,0.0539093888368594,0.0633333333333333,0.02
283,"B_p160","quadratic",1.5,1,0.42650754967753,0.0415951112706984,0.732838560079526,0.0958780107351896,0.0233333333333333,0.0466666666666667
284,"B_p160","quadratic",1.5,1,0.421508887416036,0.117019194107462,0.55658744455925,0.149841655364744,0.05,0.0766666666666667
285,"B_p160","quadratic",1.5,1,0.451032395581249,0.162126168270991,0.411538267535582,0.131886189235545,0.0733333333333333,0.05
286,"B_p160","quadratic",1.5,1,0.542180473161355,0.0822296787783739,0.374725631515116,0.124696931414078,0.0166666666666667,0.0466666666666667
287,"B_p160","quadratic",1.5,1,0.518010607865583,0.235843894224648,0.0103380641361217,0.0995810254608486,0.123333333333333,0.0266666666666667
288,"B_p160","quadratic",1.5,1,0.240245867645314,0.106545379496572,0.821299220010381,0.238110095814295,0.05,0.126666666666667
289,"B_p160","quadratic",1.5,1,0.571813248171414,0.0200441686379884,0.321333505488773,0.00523190192098189,0.00333333333333333,0.00666666666666667
290,"B_p160","quadratic",1.5,1,0.426006416949359,0.496064491411884,0.45096768121135,0.502664370963966,0.273333333333333,0.31
291,"B_p160","quadratic",1.5,1,0.286511667330331,0.748165613066042,0.844443624149191,0.733536749815244,0.613333333333333,0.686666666666667
292,"B_p160","quadratic",1.5,1,0.0872987549776383,0.81535566181682,0.276151590892409,0.417167729620072,0.683333333333333,0.23
293,"B_p160","quadratic",1.5,1,0.517835194878376,0.0711940557477827,0.625173621455693,0.0408018602681015,0.0133333333333333,0.00666666666666667
294,"B_p160","quadratic",1.5,1,0.492924433556779,0.0965576259760936,0.118506336344748,0.029441378339629,0.0433333333333333,0.01
295,"B_p160","quadratic",1.5,1,0.378085118555883,0.498471789499277,0.195593558133404,0.234176548847143,0.373333333333333,0.123333333333333
296,"B_p160","quadratic",1.5,1,0.364212853028138,0.493040740208622,0.993880173547824,0.558168557740096,0.333333333333333,0.45
297,"B_p160","quadratic",1.5,2,0.691367755712003,0.145933307684712,0.0489421088783957,0.131972737065704,0.0566666666666667,0.07
298,"B_p160","quadratic",1.5,1,0.415997461520791,0.476277334587967,0.340629056367322,0.139472592432265,0.36,0.0533333333333333
299,"B_p160","quadratic",1.5,1,0.392641971018024,0.0320167888437225,0.589854176213834,0.0823116808374846,0.00666666666666667,0.0233333333333333
300,"B_p160","quadratic",1.5,1,0.665067310818718,0.420442879235823,0.432097107220558,0.172688384949381,0.31,0.173333333333333
301,"B_p160","quadratic",1.5,1,0.20219431965351,0.70737595004216,0.346467269855612,0.673962753195745,0.546666666666667,0.58
302,"B_p160","quadratic",1.5,1,0.497094992943594,0.110455813920798,0.748082426894587,0.0322371569299936,0.04,0.01
303,"B_p160","quadratic",1.5,1,0.529633332991728,0.491518211164468,0.520630024204622,0.481170888106241,0.36,0.336666666666667
304,"B_p160","quadratic",1.5,1,0.591760407935777,0.00130364461153842,0.488665654427144,0.00261786474586545,0.00333333333333333,0.00333333333333333
305,"B_p160","quadratic",1.5,1,0.588370608422228,0.0025079532924408,0.183833675898246,0.0244096637478637,0.00333333333333333,0.01
306,"B_p160","quadratic",1.5,1,0.446017806464114,0.00745047102013108,0.393762838565665,0.0244674162530861,0.00333333333333333,0.01
307,"B_p160","quadratic",1.5,1,0.470425464365255,0.0297411530460817,0.753012086786956,0.0697021508077613,0.01,0.00666666666666667
308,"B_p160","quadratic",1.5,1,0.46706978733101,0.449937914869409,0.450055954147447,0.772889213401396,0.26,0.65
309,"B_p160","quadratic",1.5,1,0.361985293195976,0.91898691859073,0.180455307937985,0.465286946024821,0.87,0.336666666666667
310,"B_p160","quadratic",1.5,1,0.219130852415586,0.210474036922851,0.0983081067943655,0.149493647006626,0.0766666666666667,0.0366666666666667
311,"B_p160","quadratic",1.5,1,0.50836747774034,0.370306298754272,0.427399063126513,0.0599713955413341,0.206666666666667,0.0133333333333333
312,"B_p160","quadratic",1.5,1,0.502957765393061,0.115630559521622,0.195349467413791,0.273523228646318,0.06,0.11
313,"B_p160","quadratic",1.5,1,0.500911165373926,0.399325073088488,0.0712172873721418,0.914862889025912,0.253333333333333,0.88
314,"B_p160","quadratic",1.5,1,0.526305005041727,0.246778741938429,0.167547785406246,0.116415986064312,0.143333333333333,0.0533333333333333
315,"B_p160","quadratic",1.5,1,0.590440216920486,0.0715854691507956,0.549367917611502,0.0182225379624888,0.0233333333333333,0.00333333333333333
316,"B_p160","quadratic",1.5,1,0.503337774231358,0.637987443760984,0.938751593997534,0.912955155755116,0.506666666666667,0.886666666666667
317,"B_p160","quadratic",1.5,2,0.678539841664628,0.0107768993653508,0.000277113382771699,0.00597417731858918,0.00333333333333333,0.00333333333333333
318,"B_p160","quadratic",1.5,1,0.539651904714747,0.0481106437118082,0.496771010762279,0.823886149503764,0.00666666666666667,0.743333333333333
319,"B_p160","quadratic",1.5,1,0.190550582474599,0.146244235086851,0.574637053185072,0.0826767451529761,0.0566666666666667,0.03
320,"B_p160","quadratic",1.5,1,0.551420039092081,0.881407946617286,0.835378429102125,0.482956373145812,0.786666666666667,0.353333333333333
321,"B_p160","quadratic",1.5,1,0.227529634131303,0.604556094171106,0.0737929564244449,0.568678436719127,0.423333333333333,0.42
322,"B_p160","quadratic",1.5,1,0.666062847417054,0.0401093323726458,0.432819271052192,0.015332826242343,0.0133333333333333,0.00333333333333333
323,"B_p160","quadratic",1.5,1,0.0448112423306016,0.129213194922945,0.701302598890772,0.189500271665851,0.04,0.0533333333333333
324,"B_p160","quadratic",1.5,1,0.417954693249356,0.376320700960936,0.437326980443718,0.143208661908401,0.223333333333333,0.04
325,"B_p160","quadratic",1.5,1,0.402617975352608,0.907044660466386,0.375721484328728,0.459442618717944,0.853333333333333,0.336666666666667
326,"B_p160","quadratic",1.5,2,0.695696337777659,0.00543465988801695,0.000426190101310286,0.00387834105576712,0.00333333333333333,0.00333333333333333
327,"B_p160","quadratic",1.5,1,0.634298254645209,0.632365447701655,0.72659778335298,0.798896588405703,0.516666666666667,0.71
328,"B_p160","quadratic",1.5,1,0.549495722533347,0.391508551087712,0.299798585165782,0.280985810127178,0.186666666666667,0.106666666666667
329,"B_p160","quadratic",1.5,1,0.277934846147657,0.394070167851969,0.615821326049787,0.102311247168977,0.246666666666667,0.0266666666666667
330,"B_p160","quadratic",1.5,1,0.272970895550663,0.570911085175832,0.164143873777467,0.503740471125275,0.34,0.42
331,"B_p160","quadratic",1.5,1,0.371706852301812,0.189894688092221,0.203840014822338,0.181892993447029,0.08,0.05
332,"B_p160","quadratic",1.5,1,0.289706646279537,0.383273329401254,0.609958316606677,0.163257185331463,0.223333333333333,0.08
333,"B_p160","quadratic",1.5,1,0.410860263866434,0.0401598709115637,0.105162443838755,0.020733146128429,0.01,0.00333333333333333
334,"B_p160","quadratic",1.5,1,0.389785367961949,0.570901612777452,0.247592797783035,0.365011711301504,0.406666666666667,0.2
335,"B_p160","quadratic",1.5,1,0.401785138161685,0.15884154746776,0.49158586489328,0.0310730295966575,0.0766666666666667,0.00666666666666667
336,"B_p160","quadratic",1.5,1,0.511082657319717,0.00389051521702055,0.413275465679458,0.00145532597146292,0.00333333333333333,0.00333333333333333
337,"B_p160","quadratic",1.5,1,0.34611407163405,0.47718741981694,0.46806473193389,0.166449260930623,0.246666666666667,0.02
338,"B_p160","quadratic",1.5,1,0.595041537985512,0.122170188082446,0.993855772984047,0.222741270965926,0.06,0.123333333333333
339,"B_p160","quadratic",1.5,1,0.510532129638712,0.923145641986658,0.0796992788722488,0.543964466488019,0.853333333333333,0.396666666666667
340,"B_p160","quadratic",1.5,1,0.465014860829956,0.00132460234519693,0.170823438761738,0.0189503210910278,0.00333333333333333,0.00666666666666667
341,"B_p160","quadratic",1.5,1,0.486406853720359,0.068821596615364,0.259151785264602,0.508027198333929,0.04,0.43
342,"B_p160","quadratic",1.5,1,0.234601684853762,0.171108184450975,0.769727897877318,0.252596863940896,0.0766666666666667,0.113333333333333
343,"B_p160","quadratic",1.5,1,0.335350028695788,0.982602682547391,0.936695553711242,0.922117930616451,0.963333333333333,0.863333333333333
344,"B_p160","quadratic",1.5,1,0.0189956367937024,0.111649282303476,0.549128073973751,0.0280628122303181,0.0366666666666667,0.01
345,"B_p160","quadratic",1.5,1,0.577325686758611,0.0372478051668557,0.715628224614411,0.0192982086770647,0.01,0.00333333333333333
346,"B_p160","quadratic",1.5,1,0.222723530324956,0.323662647142263,0.867552478224208,0.997189503126902,0.153333333333333,0.996666666666667
347,"B_p160","quadratic",1.5,1,0.482813941378167,0.507500277331677,0.674205041415737,0.420674000944223,0.4,0.353333333333333
348,"B_p160","quadratic",1.5,1,0.253317222538372,0.0630714293976856,0.186100150700831,0.0241907305477016,0.0166666666666667,0.00333333333333333
349,"B_p160","quadratic",1.5,1,0.459081159238776,0.0214907106023419,0.782695950172856,0.45745665201768,0.00333333333333333,0.253333333333333
350,"B_p160","quadratic",1.5,1,0.527177154378572,0.706373634992008,0.0760093013885996,0.416152550468505,0.576666666666667,0.28
351,"B_p160","quadratic",1.5,1,0.158750008240179,0.0913397734319059,0.249131527784481,0.321040283549585,0.0266666666666667,0.186666666666667
352,"B_p160","quadratic",1.5,1,0.134568870227343,0.30873280676272,0.126239129370537,0.15253723980443,0.176666666666667,0.0766666666666667
353,"B_p160","quadratic",1.5,1,0.568212750074674,0.0392887833193575,0.895638493584788,0.207655864793229,0.01,0.113333333333333
354,"B_p160","quadratic",1.5,1,0.489245715131525,0.72082760817652,0.674600770977423,0.352700428861788,0.66,0.33
355,"B_p160","quadratic",1.5,1,0.619842134315507,0.389779827416484,0.944733410196543,0.150803956391339,0.2,0.0766666666666667
356,"B_p160","quadratic",1.5,1,0.57325902036151,0.419801342879104,0.57445482539298,0.48700508510355,0.243333333333333,0.31
357,"B_p160","quadratic",1.5,1,0.359904574456364,0.755150302103034,0.795410694554721,0.724450657012524,0.606666666666667,0.606666666666667
358,"B_p160","quadratic",1.5,1,0.517043130656421,0.174963064607111,0.585191081019341,0.988414466871342,0.123333333333333,0.986666666666667
359,"B_p160","quadratic",1.5,1,0.438166442228909,0.0341195951705054,0.113333399088307,0.380821885977354,0.0233333333333333,0.25
360,"B_p160","quadratic",1.5,1,0.561989758508078,0.149855633077518,0.740332642941701,0.0635292939598472,0.0966666666666667,0.02
361,"B_p160","quadratic",1.5,1,0.643190774333023,0.0876659826536965,0.519662078632698,0.156444059354278,0.02,0.05
362,"B_p160","quadratic",1.5,1,0.374335734657176,0.0549383204290096,0.214753267745536,0.03600256926326,0.02,0.00333333333333333
363,"B_p160","quadratic",1.5,1,0.541846618767172,0.0273190147917792,0.0401138169541642,0.307186326005368,0.00333333333333333,0.17
364,"B_p160","quadratic",1.5,1,0.341619171846647,0.0414796522912065,0.385206167883274,0.0634198105871944,0.00666666666666667,0.02
365,"B_p160","quadratic",1.5,1,0.311572065892632,0.678699505581292,0.298624768518594,0.853966291123188,0.526666666666667,0.806666666666667
366,"B_p160","quadratic",1.5,1,0.620247150786369,0.0575994029673554,0.429457578077723,0.0462191585035394,0.0166666666666667,0.0233333333333333
367,"B_p160","quadratic",1.5,1,0.328659928598338,0.058206927992912,0.259021597237846,0.100339292594061,0.0233333333333333,0.0333333333333333
368,"B_p160","quadratic",1.5,1,0.538471506815262,0.569823220813008,0.0119082407729534,0.172327876589113,0.416666666666667,0.1
369,"B_p160","quadratic",1.5,1,0.623287244314621,0.00148755778001908,0.920370020003897,0.00270293644375585,0.00333333333333333,0.00333333333333333
370,"B_p160","quadratic",1.5,1,0.0609813830541364,0.305084829630085,0.677228909219868,0.619096302904423,0.0966666666666667,0.446666666666667
371,"B_p160","quadratic",1.5,1,0.63639989534877,0.706927849238608,0.519111278965881,0.640841968519763,0.606666666666667,0.55
372,"B_p160","quadratic",1.5,1,0.654926139780362,0.618152812652222,0.494371253512597,0.355067143969486,0.556666666666667,0.256666666666667
373,"B_p160","quadratic",1.5,1,0.447838909606698,0.00230961696071064,0.939660285290857,0.000356972530148103,0.00666666666666667,0.00333333333333333
374,"B_p160","quadratic",1.5,1,0.540697732940013,0.030593387551096,0.234057438964913,0.29077624099572,0.00333333333333333,0.176666666666667
375,"B_p160","quadratic",1.5,1,0.420718700413395,0.64453237532587,0.298278938036769,0.401657211476171,0.51,0.296666666666667
376,"B_p160","quadratic",1.5,1,0.456774094786941,0.096914141073887,0.55558886074763,0.0531681761918881,0.04,0.0166666666666667
377,"B_p160","quadratic",1.5,1,0.572081285394128,0.848415926180622,0.152176369394128,0.690261233456793,0.743333333333333,0.6
378,"B_p160","quadratic",1.5,1,0.432513694718266,0.740310801085168,0.344161690725477,0.437713175201073,0.563333333333333,0.273333333333333
379,"B_p160","quadratic",1.5,1,0.167123933506966,0.650118316242145,0.903649575389657,0.800246060091578,0.466666666666667,0.656666666666667
380,"B_p160","quadratic",1.5,2,0.687309786266948,0.0305723236754316,0.0241577237636276,0.0155991764963169,0.01,0.00333333333333333
381,"B_p160","quadratic",1.5,1,0.579407564627587,0.316413933121112,0.321682283283879,0.197188591811203,0.206666666666667,0.0733333333333333
382,"B_p160","quadratic",1.5,1,0.54862678962049,0.63904342177063,0.278616108349349,0.325968768415866,0.48,0.15
383,"B_p160","quadratic",1.5,3,0.999999929758419,0.308447053123684,0.499893439705369,0.499893439705369,0.116666666666667,0.35
384,"B_p160","quadratic",1.5,1,0.608854885042433,0.152095447082901,0.623984573992363,0.829377591055311,0.07,0.773333333333333
385,"B_p160","quadratic",1.5,1,0.38110198895481,0.893851576017298,0.815749632855169,0.59924737830037,0.78,0.443333333333333
386,"B_p160","quadratic",1.5,1,0.615252447113741,0.148729165408499,0.507222261096432,0.334533810827147,0.08,0.21
387,"B_p160","quadratic",1.5,1,0.617208787626833,0.385832954237099,0.00100874205777457,0.385428100218984,0.313333333333333,0.34
388,"B_p160","quadratic",1.5,1,0.358232298228958,0.172359762501721,0.676203958781631,0.123641494668609,0.0833333333333333,0.03
389,"B_p160","quadratic",1.5,1,0.505804097032,0.0142558415798945,0.266624652414543,0.0109775773309377,0.00333333333333333,0.00333333333333333
390,"B_p160","quadratic",1.5,1,0.541988462577795,0.0145622806263137,0.203083881885943,0.00508359991762164,0.00666666666666667,0.00666666666666667
391,"B_p160","quadratic",1.5,1,0.334682745402385,0.289231001863247,0.94655996111386,0.0494541192764467,0.19,0.01
392,"B_p160","quadratic",1.5,1,0.0918544139787637,0.153171620578505,0.199348829334465,0.0833945353240255,0.0333333333333333,0.0433333333333333
393,"B_p160","quadratic",1.5,1,0.581754151877516,0.134041611906539,0.965754629412738,0.0596731748497858,0.09,0.0133333333333333
394,"B_p160","quadratic",1.5,1,0.273821149986839,0.145453198915876,0.392770934171934,0.115714601773653,0.04,0.0166666666666667
395,"B_p160","quadratic",1.5,1,0.332058741507539,0.816424546109754,0.575887407543679,0.832655832972676,0.673333333333333,0.763333333333333
396,"B_p160","quadratic",1.5,1,0.557626196110723,0.447620350658565,0.904119597406718,0.0704755397241177,0.29,0.0333333333333333
397,"B_p160","quadratic",1.5,1,0.627432330078432,0.527703141442003,0.421079278697661,0.185470429151368,0.34,0.103333333333333
398,"B_p160","quadratic",1.5,1,0.438808223974193,0.770441810928115,0.18761474156067,0.521480577580187,0.55,0.323333333333333
399,"B_p160","quadratic",1.5,1,0.36997338413307,0.0209481086405187,0.444668126219122,0.0949618674207677,0.00666666666666667,0.01
400,"B_p160","quadratic",1.5,1,0.418321496689401,0.0532627011335841,0.86410752113319,0.0502742797723021,0.00333333333333333,0.01
