"rep","cell","dep","rel","unc_hl","calslope","spieg","uss","cvhl","mle_ok","mle_hl","mle_edge","grp"
1,"B_p40","quadratic",1.5,4.33592607729238e-06,8.08518565445522e-05,0.000755595326363171,0,0.00602966987269194,TRUE,0.00746618063394866,0.000408247496767378,0.0372291306335653
2,"B_p40","quadratic",1.5,1.41298523015365e-06,7.7009689255897e-05,0.00192844099234083,0,0.000117746572042676,TRUE,0.0551821648469462,0.00664654374816698,0.00669488847021849
3,"B_p40","quadratic",1.5,1.88079637419847e-08,0.000935006457695566,0.0165541810851828,0,5.3933662398289e-05,TRUE,0.145134920036214,0.017991149509722,0.00710428374745509
4,"B_p40","quadratic",1.5,0.000410513264652912,0.00184558143230466,0.0096996922515779,0,0.130946357034862,TRUE,4.56378224629184e-05,6.21109817022791e-07,0.131057301291908
5,"B_p40","quadratic",1.5,3.67837675874227e-08,0.00118515406082484,0.00925839787138063,0,4.39739270786489e-07,TRUE,1.66417053137913e-07,3.17137982541738e-09,0.040909322228484
6,"B_p40","quadratic",1.5,0.000779025278951684,0.0014011421761312,0.0220073526808979,0,0.100906738817212,TRUE,0.285968087795869,0.172028824708985,0.309795533054585
7,"B_p40","quadratic",1.5,4.59486058046465e-06,0.00174776884019923,0.0246459445418075,0,0.000141855988413903,TRUE,0.00103116483959576,6.4597216723028e-05,0.0342367283237692
8,"B_p40","quadratic",1.5,1.09164090952296e-05,0.000530769127021665,0.00463925850719623,0,0.0149841816003957,TRUE,5.04707787176706e-05,3.96043135945101e-05,0.432731303838327
9,"B_p40","quadratic",1.5,0.00019160437930843,0.0021002952058889,0.11164531457661,0,0.00355338089427799,TRUE,0.01994529729225,0.0416747126856359,0.0702227883742677
10,"B_p40","quadratic",1.5,5.78304059828394e-06,0.000117885632572531,0.0170462693130838,0,0.00441235579666531,TRUE,6.773983858821e-05,1.63040551304228e-06,0.051679015220651
11,"B_p40","quadratic",1.5,0.000929152591289784,0.000188253554441802,0.0205669824117847,0,0.0969247300514418,TRUE,0.119939267864214,0.00233821975551596,0.0664658931914022
12,"B_p40","quadratic",1.5,0,0.00195570692605203,0.0238871623588074,0,3.12436351324738e-06,TRUE,0,0,0.0261625543318083
13,"B_p40","quadratic",1.5,7.99108401672299e-09,0.000610562246038453,0.00933857933019239,0,2.45476413624695e-06,TRUE,0.0156740981308778,0.000677148812050055,0.0644302172348619
14,"B_p40","quadratic",1.5,1.45510150817429e-07,0.00267214979560496,0.011115826244612,0,0.000306997241015407,TRUE,1.94034114116004e-05,1.17311911296269e-07,0.562015906094707
15,"B_p40","quadratic",1.5,0.00257588401928976,0.00342891333499562,0.208029559092197,0,0.270001139526416,TRUE,1.01865353241415e-06,1.10450459889222e-09,0.588752719774897
16,"B_p40","quadratic",1.5,7.13935328684467e-05,0.0144240538075278,0.129426914820181,0,0.00840434866383074,TRUE,5.3267411010971e-06,1.20830932037741e-07,0.00259961524657371
17,"B_p40","quadratic",1.5,1.17096952066964e-05,0.00159645854360893,0.0044437870463604,0,0.000143179760053601,TRUE,2.74112700702211e-05,4.04366700679226e-07,0.59408402585456
18,"B_p40","quadratic",1.5,7.66735564691201e-05,0.000381856218336036,0.150500251270647,0,0.000617310246142714,TRUE,0.0139688116313738,0.000916650106463024,0.0456199088105498
19,"B_p40","quadratic",1.5,0.000307535742592124,0.000431158868172429,0.00182252297623623,0,0.00353366167760484,TRUE,0.00160774042657585,2.76327086535799e-05,0.248224859434306
20,"B_p40","quadratic",1.5,8.39293999843616e-06,0.000838948130498267,0.0194230042755873,0,0.00048446015057157,TRUE,0.122092930841535,0.0586591757904633,0.180030495208689
21,"B_p40","quadratic",1.5,6.97622757339644e-08,0.00814248965060206,0.0964216572216653,0,2.81119503226359e-05,TRUE,9.98009925856636e-06,2.50023851511294e-06,0.0579629691499519
22,"B_p40","quadratic",1.5,1.13284142914116e-05,0.000627611061714268,0.0179086886586369,0,0.00119771503768853,TRUE,0.074311509104217,0.0476779655341273,0.106954830208497
23,"B_p40","quadratic",1.5,8.02439274227851e-06,0.00502590450865885,0.0942751766899197,0,0.00806608958966381,TRUE,9.80027648478377e-07,3.05237435327399e-09,0.037337434268145
24,"B_p40","quadratic",1.5,0,0.000734563313037881,0.0327961766376802,0,8.50569104784215e-07,TRUE,0.000426138711271395,5.97782163624938e-06,0.00470758086708911
25,"B_p40","quadratic",1.5,0.00333179662360439,0.0518737052370411,0.147384129454061,0,0.084761252031753,TRUE,0.0143450117148523,0.0122053928514343,0.0207993936470008
26,"B_p40","quadratic",1.5,1.32012083486899e-08,0.00100889335815313,0.0130132406451445,0,7.63199398743983e-07,TRUE,0.000502702144986822,5.73144849889129e-05,0.00196001903506038
27,"B_p40","quadratic",1.5,0.00024934794533249,0.00171353571781012,0.157848900769152,0,0.131665133950436,TRUE,0.0370968079022513,0.0105968999915913,0.455820009174813
28,"B_p40","quadratic",1.5,5.35892546214001e-05,0.000110367953531898,0.0317221576772731,0,0.0299893777605864,TRUE,0,0,0.251792976632343
29,"B_p40","quadratic",1.5,1.91790650319046e-05,0.000325672510198532,0.113351743339799,0,0.0290559835043974,TRUE,2.81800127388543e-06,4.63334270950355e-08,0.24492611945089
30,"B_p40","quadratic",1.5,1.16160527530162e-07,0.000290910279550905,0.0676099405239968,0,0.00366068433834644,TRUE,0.0020316222742196,5.79886484723957e-05,0.0319420963668544
31,"B_p40","quadratic",1.5,0.000215422257377806,0.00029565382324498,0.037001209572351,0,0.0419457840172956,TRUE,0.320958676405629,0.0634030722046254,0.649321893802189
32,"B_p40","quadratic",1.5,1.39670735499475e-06,9.35349705060499e-05,0.000738027892456911,0,0.000205539111303862,TRUE,3.92481450384174e-06,4.80115791567925e-08,0.173901410493173
33,"B_p40","quadratic",1.5,7.60270875144187e-07,0.000571075275806074,0.00859469986065126,0,7.7692324742201e-06,TRUE,1.31229665689681e-07,3.88636417492094e-08,0.00485113207286392
34,"B_p40","quadratic",1.5,9.52736334269844e-10,0.0096799958753387,0.0329232961124394,0,0.00209436313602346,TRUE,1.96310163347313e-07,3.03370167875627e-08,0.0869022856939541
35,"B_p40","quadratic",1.5,2.02789366263723e-05,0.00724593812419775,0.0900883265882774,0,0.000955011839551662,TRUE,0.00958018351231549,0.000277076185486447,0.174664199131925
36,"B_p40","quadratic",1.5,0.00035659221731188,0.000182708837287396,0.00942938275561011,0,0.00976824249415019,TRUE,0.00286030516811797,0.0011127377010014,0.11885938433352
37,"B_p40","quadratic",1.5,7.99032188192328e-08,0.00014369749457353,0.0181720144340309,0,0.000188431515417064,TRUE,1.44304418192576e-06,9.65876785219422e-08,0.00441802473815223
38,"B_p40","quadratic",1.5,0,0.00258272340758585,0.0230881000785068,0,0.000850298975238518,TRUE,0.00394298798411041,0.000381615744461716,0.0548495169828678
39,"B_p40","quadratic",1.5,5.53104045177832e-05,0.000186960010694643,0.00309881198072253,0,0.280054846051394,TRUE,0.0502235528106462,0.0142425202343589,0.352638695970023
40,"B_p40","quadratic",1.5,0,0.00051832458094637,0.00470750881586143,0,2.15751693828749e-05,TRUE,0.000559649475769586,2.00111626740274e-05,0.37235719040961
41,"B_p40","quadratic",1.5,7.08379499503309e-09,0.000627931295265913,0.00497871546574454,0,0.000107045306678528,TRUE,0,0,0.012798210190998
42,"B_p40","quadratic",1.5,0.00010866636844542,0.00960647860812211,0.0363716576266754,0,0.000287134350470608,TRUE,1.54055471490722e-07,4.07499123333821e-09,0.0262272575383478
43,"B_p40","quadratic",1.5,5.92230486873291e-10,0.00010332623626592,0.012142205541409,0,0.000148549264578342,TRUE,0,0,0.115837462386922
44,"B_p40","quadratic",1.5,1.58351965906522e-06,0.00111607234587535,0.0285387121939209,0,0.00032637446934312,TRUE,0.00143642927299903,4.81378066561344e-05,0.101230161963619
45,"B_p40","quadratic",1.5,3.92647092017917e-06,0.0280729255029734,0.387904242131714,0,0.0746016813049527,TRUE,1.10451552925994e-06,2.30061403261317e-09,0.0310980731148178
46,"B_p40","quadratic",1.5,1.35735473971721e-08,0.00017354188880354,0.0237211273168009,0,0.0167390491696737,TRUE,0.0438793197618161,0.00616380640884817,0.461142086834858
47,"B_p40","quadratic",1.5,5.9023418299553e-06,6.89253272916282e-06,0.00616161666753328,0,0.0055371549154777,TRUE,0.00452198939508852,0.000576591021751005,0.405569193374301
48,"B_p40","quadratic",1.5,9.50403394650579e-07,0.000425011130270646,0.0231947998773976,0,0.000440959960021316,TRUE,0.000157831487880733,1.77458504735384e-06,0.0917075189680141
49,"B_p40","quadratic",1.5,7.16857130418358e-05,0.00173233998028226,0.0182853258993231,0,0.26778455710373,TRUE,0.0250959746954319,0.025597549586388,1
50,"B_p40","quadratic",1.5,0.000301297646217003,0.00094374241452482,0.116075173889775,0,0.0695411788164048,TRUE,0.0358398184029715,0.00375331304728566,0.765496130754066
51,"B_p40","quadratic",1.5,3.0376041593172e-07,0.000415640010570415,0.0285554259982858,0,0.000588564379702369,TRUE,6.55093461587875e-06,1.7380282743007e-06,0.449698670050343
52,"B_p40","quadratic",1.5,5.72264485676488e-06,0.00116655725854066,0.0273097289294387,0,0.0205136183506343,TRUE,0.00034413213461415,6.12583574177705e-06,0.00218318370038273
53,"B_p40","quadratic",1.5,0.0011932049115031,0.0258621423164549,0.148680050661078,0,0.231885754472439,TRUE,0.00225567821082995,0.00010906697243751,0.0164575024831237
54,"B_p40","quadratic",1.5,0.00639327423684621,0.000687901532258246,0.00312630321013537,0,0.06347858824561,TRUE,0.0834292456580599,0.00692322170735005,0.201181794169409
55,"B_p40","quadratic",1.5,0.000507108551394131,0.000120364093132185,0.0156944800935388,0,0.0189737143553812,TRUE,0.0178970973303855,0.00819236592990968,0.243450917972921
56,"B_p40","quadratic",1.5,1.81697254459934e-05,0.00122901152394557,0.0188000051558436,0,0.00033321806930118,TRUE,0.0426328937355466,0.0106869138165643,0.356666798891279
57,"B_p40","quadratic",1.5,9.79674819046039e-09,0.000416934912598863,0.025858134119366,0,2.27492282864053e-05,TRUE,0,0,0.152801564426792
58,"B_p40","quadratic",1.5,1.83098422312789e-07,0.000501450830149316,0.00399552103165425,0,5.25649750293069e-05,TRUE,4.22307345315787e-07,2.40482119773233e-08,0.568397272217803
59,"B_p40","quadratic",1.5,0.000362694779447503,0.000739336050108871,0.0175711520698942,0,0.00928320119967702,TRUE,9.98439069282986e-05,1.23031037113641e-06,0.491638385396408
60,"B_p40","quadratic",1.5,4.0882358829375e-06,0.000671619771378345,0.0273030625010142,0,0.00426628694314228,TRUE,0.00110194013235998,2.20021414576443e-05,0.176256650096226
61,"B_p40","quadratic",1.5,2.27146914610898e-08,3.9682205251989e-05,0.00462662427367621,0,0.0020020616788389,TRUE,0.0326119972778881,0.00538503004300406,0.00729117134909418
62,"B_p40","quadratic",1.5,4.8703619770496e-07,0.00199461555898389,0.0173719323240945,0,0.00359655242137063,TRUE,6.97521502248666e-05,9.69865277711257e-06,0.0987848650642409
63,"B_p40","quadratic",1.5,6.8430920152629e-06,0.000314894233636483,0.0127518249054395,0,0.00543868059405992,TRUE,2.25405127695089e-05,1.77276920965141e-06,0.0577561909113693
64,"B_p40","quadratic",1.5,4.75751569135596e-05,0.000329466993445692,0.00287749733219399,0,0.0144565930421419,TRUE,0.0032908441530628,0.000131933964127029,0.132517692538377
65,"B_p40","quadratic",1.5,3.66912239968542e-06,6.34434850941761e-05,0.00563737729087772,0,0.000647390850716865,TRUE,4.07796072943167e-06,6.06579850792599e-08,0.032490459477539
66,"B_p40","quadratic",1.5,1.94137541791317e-05,0.000443993949342032,0.00221772652672478,0,0.100329452343542,TRUE,0.0268329045604595,0.000475736956291772,0.226506759234905
67,"B_p40","quadratic",1.5,3.73865972105314e-05,0.000322928939522896,0.0297926698518683,0,0.0588956952629035,TRUE,0.000250729680625339,1.43053879286814e-06,0.00482806041789141
68,"B_p40","quadratic",1.5,0.00216850102662769,0.000568803318652715,0.00578528637718276,0,0.0483775054364429,TRUE,0.177397917602188,0.0182140623301976,0.0540367139605136
69,"B_p40","quadratic",1.5,8.58025280048302e-07,0.00218013248419495,0.0849245241704177,0,0.0905978809431663,TRUE,0.0227100769938204,0.004402890590676,0.524518601209768
70,"B_p40","quadratic",1.5,0.000119665699596316,0.00104390571160618,0.0419877700027931,0,0.00184260421644522,TRUE,0.00215098452657414,9.55438936232067e-05,0.249202112666497
71,"B_p40","quadratic",1.5,4.19474013813037e-06,0.0017803039415373,0.0073494799600011,0,0.000126001211559699,TRUE,1.74516767925681e-07,5.86557532544774e-08,0.0514338984147074
72,"B_p40","quadratic",1.5,2.62297982001058e-07,0.000224476477588713,0.0164302767168121,0,0.008593311815798,TRUE,0,0,0.0871993710968106
73,"B_p40","quadratic",1.5,2.98077917904038e-08,0.000811286929438692,0.0663348901718653,0,0.00143179213406288,TRUE,0,0,0.021472653809981
74,"B_p40","quadratic",1.5,2.7464032750224e-06,0.000654966533768346,0.0316254565649445,0,0.00549261795788364,TRUE,0.00360906234966452,8.52373584726562e-05,0.225517065034386
75,"B_p40","quadratic",1.5,0.000307684844497391,0.000378484496138557,0.158065574813409,0,0.0435155922362031,TRUE,3.51448929980513e-06,5.43398459635913e-05,0.292200005515858
76,"B_p40","quadratic",1.5,3.21706431316571e-06,0.000674309566717898,0.0237146662111829,0,0.000482170736382279,TRUE,0.000771486370541918,1.67333186579244e-05,0.0822558283899881
77,"B_p40","quadratic",1.5,5.28770255070476e-06,0.000233854579915305,0.00192508390964833,0,0.00488033526174296,TRUE,0.0150245310877672,0.00533652216920888,0.0823269580009918
78,"B_p40","quadratic",1.5,0.000169846004950402,0.000473700231386017,0.00941634598865945,0,0.0807941686083002,TRUE,0.0640317509660533,0.00479415582693044,0.291989700491777
79,"B_p40","quadratic",1.5,0.000126431381677783,0.0113282330526676,0.0895253903082614,0,0.00831500610390611,TRUE,0.000304410421119172,0.00025828277534734,0.459564242958828
80,"B_p40","quadratic",1.5,5.22452947571139e-09,8.31467362322901e-05,0.000431174948229488,0,1.86780479421169e-07,TRUE,0.000405389336260775,4.91108513338556e-05,0.0615454360139867
81,"B_p40","quadratic",1.5,7.62287725986077e-06,0.000287835317527984,0.0102823908404108,0,0.000281591131170075,TRUE,1.21341068624048e-05,1.75606131080919e-06,0.251742794206749
82,"B_p40","quadratic",1.5,1.52683459908598e-06,0.0203307791803003,0.167349398027426,0,0.00219904673750439,TRUE,0.0396374817103323,0.0120236654241346,0.0731816454614256
83,"B_p40","quadratic",1.5,1.08169845547401e-06,0.00053367143639663,0.00739264651861081,0,7.37320766240458e-05,TRUE,1.13042110450046e-07,4.08725253642217e-09,0.333970419368445
84,"B_p40","quadratic",1.5,4.82073188387e-05,0.000420591147242142,0.0463590312452751,0,0.00438619262764435,TRUE,0.0608468074795691,0.0347121705778145,0.0322522601271658
85,"B_p40","quadratic",1.5,2.91168387467344e-05,0.00367481246422685,0.0210635674004964,0,0.00971117085351681,TRUE,0.0012682036803171,1.38249573995441e-05,0.0317228014721664
86,"B_p40","quadratic",1.5,9.50108964736796e-06,0.0157682265843111,0.0924875440074524,0,0.000642985272960584,TRUE,0.00176274774848784,0.00146038691607508,0.042354657912131
87,"B_p40","quadratic",1.5,9.49201645061848e-07,0.00117480507382389,0.0603487664383411,0,0.00241688348015747,TRUE,0.000533017514332546,6.50712034024892e-05,0.00167169774144194
88,"B_p40","quadratic",1.5,3.83057836561562e-08,0.000151203234421251,0.000785356496836881,0,2.25658709440183e-05,TRUE,0.00201436501526442,2.29498457229305e-05,0.0773575797322994
89,"B_p40","quadratic",1.5,6.78303238688116e-07,0.00498636294262445,0.151208095993227,0,8.66648010356614e-05,TRUE,3.64228312466075e-06,3.16187631632658e-09,0.0212837090841729
90,"B_p40","quadratic",1.5,2.57819882166777e-05,0.000413858335559544,0.0762765298180978,0,0.0761491751546451,TRUE,3.90037222963713e-07,8.43898790847675e-08,0.154022065655491
91,"B_p40","quadratic",1.5,1.01445106868159e-05,0.000963330453828786,0.027403336065722,0,0.000570136608522622,TRUE,0.020072915290239,0.00116038126681772,0.0996512598735537
92,"B_p40","quadratic",1.5,9.81111061448825e-06,0.00145821804960554,0.0197678911033738,0,0.00411962996673386,TRUE,0.000655872862066698,4.71315613059797e-05,0.105949626989052
93,"B_p40","quadratic",1.5,6.39175193883901e-08,0.000750648218961297,0.00962009386839495,0,1.64831641773702e-07,TRUE,9.13382660616691e-08,0,0.197743042213436
94,"B_p40","quadratic",1.5,1.7696734575523e-06,0.000447496704752892,0.00923519709172803,0,0.00124606497045577,TRUE,1.78899465088644e-05,9.93316691122459e-08,0.092543049248434
95,"B_p40","quadratic",1.5,1.71602935761239e-06,0.000109130484738969,0.00198800119259542,0,0.00254160062246241,TRUE,1.88662681566143e-06,3.05928099519903e-07,0.615619241637383
96,"B_p40","quadratic",1.5,7.12372149180851e-05,0.00201409698939673,0.00762488001981867,0,0.00910590362358217,TRUE,0.0127184261700163,0.000294285372457681,0.182304605801568
97,"B_p40","quadratic",1.5,6.34927852869449e-05,0.0138602056210032,0.195301601585605,0,0.0495362766104613,TRUE,0.0136630934013239,0.00353809784351666,0.0256609416544165
98,"B_p40","quadratic",1.5,3.5968626376226e-06,0.000288097800123709,0.0375427054258287,0,0.0133839012457537,TRUE,0.394845491182506,0.197606338908699,0.00972492141714532
99,"B_p40","quadratic",1.5,1.06209324716167e-05,0.000195693644338687,0.00315166444737688,0,0.000395260027408511,TRUE,0.00201488117954796,0.000242152125951134,0.177870104790785
100,"B_p40","quadratic",1.5,1.0867640543033e-06,0.000794940994903448,0.0164740799943027,0,0.000335653361478664,TRUE,0,0,0.0215914466811331
101,"B_p40","quadratic",1.5,4.9315237105052e-07,0.00123805543502601,0.0102120086148052,0,0.00136626122845279,TRUE,0.00567506694597264,0.000364699565204685,0.241509903368489
102,"B_p40","quadratic",1.5,6.65313381054133e-08,0.000184419479760227,0.0104990015131235,0,0.0105270477237597,TRUE,0,0,0.0229173773376807
103,"B_p40","quadratic",1.5,1.36044118792533e-06,0.00107960123582122,0.0063688438907373,0,0.000152946279228032,TRUE,0.000221404988143381,8.59345753811969e-06,0.253098946257109
104,"B_p40","quadratic",1.5,5.83005636500822e-06,0.000142194233017027,0.000486347220543126,0,0.00046418386179332,TRUE,1.0389268902955e-06,4.665594355302e-09,0.0166258090717388
105,"B_p40","quadratic",1.5,0.00782252320529853,0.00958114304620792,0.0754379105396446,0,0.111029012171067,TRUE,0.00295944168806328,0.000379388854988671,0.126972818276311
106,"B_p40","quadratic",1.5,1.60762960610406e-06,0.00137547758744309,0.165327685886456,0,0.0034733787188418,TRUE,2.41830146308075e-06,1.11355025644855e-07,0.122683615418245
107,"B_p40","quadratic",1.5,1.8183627281676e-07,0.000631641963392497,0.0106750787432016,0,0.000774820670535897,TRUE,5.77093155240682e-05,1.29370844570431e-06,0.0803226482693249
108,"B_p40","quadratic",1.5,0.000178105557246955,0.000247115682612741,0.0258803202704904,0,0.0315840049413663,TRUE,9.79873086759397e-06,5.29437867990978e-08,0.336322903263364
109,"B_p40","quadratic",1.5,2.72743952245413e-06,0.000369683374576966,0.199715082119387,0,0.000126831869140392,TRUE,0.118131093907837,0.0045825550889943,0.33821745481819
110,"B_p40","quadratic",1.5,1.87315041255687e-09,9.92504552004122e-05,0.0235030679110357,0,1.10439871516975e-05,TRUE,0.214817161171838,0.0197671224443609,0.00739782026265101
111,"B_p40","quadratic",1.5,0.00048268532530038,0.00197179385316968,0.0267618740839977,0,0.00671010846825432,TRUE,4.01707395247808e-06,3.60787184572331e-08,0.107717661265419
112,"B_p40","quadratic",1.5,1.43865724078207e-06,0.00040275893719269,0.00108803990219249,0,0.00806496447332753,TRUE,4.29896252285289e-06,7.62087124517308e-08,0.150624277532979
113,"B_p40","quadratic",1.5,0.00197369550454018,0.00947856711879708,0.0338855779351639,0,0.234965578710605,TRUE,0.0993448021123295,0.00234846760091234,0.659555914602783
114,"B_p40","quadratic",1.5,3.15579138601141e-05,9.06211765197496e-05,0.00102327272973008,0,0.00334237779880361,TRUE,5.79441401771241e-06,3.06932858018527e-08,0.896229221007199
115,"B_p40","quadratic",1.5,9.42336499387686e-07,0.000240066382039554,0.00327446403890724,0,0.00290161495722679,TRUE,0.00401536661463753,8.85478936920592e-05,0.0995029580015045
116,"B_p40","quadratic",1.5,5.36583239092447e-05,0.00172009850801677,0.0272490972395349,0,0.0483775918299105,TRUE,0.000460297278548016,8.73585404548294e-06,1
117,"B_p40","quadratic",1.5,2.56145398125351e-06,0.000913745938893716,0.035332010382164,0,1.18565648312439e-05,TRUE,1.26422586287367e-05,1.03706116805213e-07,0.0178271254545821
118,"B_p40","quadratic",1.5,5.27055481480687e-08,7.95701009328344e-05,0.00517735615277102,0,1.71899198302859e-05,TRUE,4.81150736150182e-05,4.0712343363225e-07,0.165375653184657
119,"B_p40","quadratic",1.5,2.58693810484267e-07,3.52846494034548e-05,0.00505957069839183,0,0.00375029634979939,TRUE,8.55825864287674e-07,2.21569296243729e-09,0.526445413834098
120,"B_p40","quadratic",1.5,1.62876616638385e-08,1.69214519292805e-05,0.0480981388193157,0,0.000386681259546851,TRUE,0.133449775959706,0.0676685976279514,0.0612802235858605
121,"B_p40","quadratic",1.5,4.56598283016252e-06,0.00064405449114231,0.0124668588029577,0,0.00661154531456691,TRUE,0,0,0.0151761429858019
122,"B_p40","quadratic",1.5,5.68158586844447e-08,0.000366466202162926,0.00167435746813338,0,0.00109415512652752,TRUE,3.96418585624225e-07,2.62268073925043e-09,0.300407399846716
123,"B_p40","quadratic",1.5,1.36780281212445e-07,1.03529536644978e-05,0.00122191350278956,0,0.000749004052298956,TRUE,0.0255151029678096,0.000739033821709034,0.0239247822437665
124,"B_p40","quadratic",1.5,1.53529450264145e-08,0.00991325250891177,0.0478720691816603,0,0.000296218395234812,TRUE,0,0,0.00936483428177604
125,"B_p40","quadratic",1.5,5.05489895643585e-05,8.04324616113071e-05,0.00284402951055055,0,9.69311780999117e-05,TRUE,2.47401117703383e-07,3.92252141878657e-09,0.316756163031726
126,"B_p40","quadratic",1.5,1.17098584162534e-08,0.000225430766986128,0.0263146090672837,0,6.6166107228728e-06,TRUE,3.56948983915029e-06,4.05798994851381e-07,0.146018928494582
127,"B_p40","quadratic",1.5,4.69903610930134e-05,0.0110918688729116,0.0111113562754605,0,0.006110450660557,TRUE,0.0599261346274613,0.0072401258652508,0.0436870562210201
128,"B_p40","quadratic",1.5,0.000244963134749421,0.000952055270592185,0.10518157157147,0,0.11289954517093,TRUE,0.0047847559755555,0.000156977844364081,0.159664254592343
129,"B_p40","quadratic",1.5,1.21652940510142e-06,0.000250417415365988,0.0228693754140257,0,0.00465279962968373,TRUE,0.00154946480807161,4.15216419380471e-05,0.0441789581893146
130,"B_p40","quadratic",1.5,0.000652398407251398,0.000240641299259237,0.0184268238917384,0,0.0338451604027885,TRUE,4.16770268962807e-07,2.18323437106704e-09,0.0510021133660334
131,"B_p40","quadratic",1.5,1.45462974594501e-05,0.00015503637986259,0.0241872858864901,0,0.00756030863756286,TRUE,8.36879083302433e-05,9.93679275529402e-07,0.00610234709738489
132,"B_p40","quadratic",1.5,6.02769265034553e-06,0.000153262555585437,0.0220843418659859,0,0.000909066293482881,TRUE,7.07600517120266e-05,2.53229884772388e-06,0.0300562986242192
133,"B_p40","quadratic",1.5,1.23974627995738e-05,5.93120369920277e-05,0.0150933975375447,0,0.187417414988467,TRUE,0.00431818384127269,0.000471259799659007,0.17074921388496
134,"B_p40","quadratic",1.5,0.000106498596680993,0.00278802177036506,0.0403315966680228,0,0.0107236690476751,TRUE,2.07201045320238e-05,1.28913822727839e-07,0.221000860516115
135,"B_p40","quadratic",1.5,1.06832958346459e-06,0.000428288479601397,0.00692881781067426,0,0.00185616396037266,TRUE,0.000356986835114759,8.34130415983125e-06,0.171129625635343
136,"B_p40","quadratic",1.5,2.17767715864348e-05,0.000507938834409609,0.0108438461507234,0,0.000979324255634391,TRUE,0.00156991839973841,9.33731245508218e-05,1
137,"B_p40","quadratic",1.5,0.00191182016032432,0.000154616634176034,0.090213203565685,0,0.160174291219062,TRUE,0.00781024666515084,0.000284512407051074,0.161525775778434
138,"B_p40","quadratic",1.5,3.47897415875487e-08,0.000562630315294237,0.0231710790355671,0,0.0139725442934281,TRUE,0.0057947663935225,0.000425199665930021,0.414693602836647
139,"B_p40","quadratic",1.5,3.65106139765814e-09,0.00170964821996512,0.0195076480974841,0,5.24322398167458e-05,TRUE,0.0423609097574293,0.0116990358486284,0.00178961090999463
140,"B_p40","quadratic",1.5,2.15821153863871e-05,0.000733361662199789,0.145904229482262,0,0.353853281554282,TRUE,0.00651656907844889,0.00242327189053615,0.172945562200599
141,"B_p40","quadratic",1.5,2.59860051563532e-05,0.00209968674350289,0.0422759583182228,0,0.00531515726808904,TRUE,3.00734383951173e-07,4.17659240525836e-09,0.003072094270818
142,"B_p40","quadratic",1.5,0.0177543467964585,0.00417492226667611,0.08029223977288,0,0.181563043262964,TRUE,0.588802673011335,0.293658167497576,1
143,"B_p40","quadratic",1.5,2.12803055554822e-05,0.00146352849570851,0.0403079357646739,0,0.00594454312342818,TRUE,1.0657986944107e-06,2.46439937012788e-07,0.0174776858375172
144,"B_p40","quadratic",1.5,0.000450101925122848,8.28456382771557e-05,0.000254495729287423,0,0.377060525318917,TRUE,0.0331560048817002,0.00187551641536654,0.377596664906829
145,"B_p40","quadratic",1.5,3.54204568342453e-07,0.000231940536013991,0.00147908500774536,0,0.0014828292412653,TRUE,4.31934580082949e-05,3.19265787496192e-06,0.0252098256370834
146,"B_p40","quadratic",1.5,0.00234888096075958,0.000408280030431147,0.0231534957913272,0,0.137989140622193,TRUE,0.155112387505003,0.0191498633870982,0.058771381270734
147,"B_p40","quadratic",1.5,0.00896644521638112,0.0152855383538377,0.0749990252061315,0,0.495341416420953,TRUE,1.20714559468382e-05,3.67264927914057e-07,0.199890771361836
148,"B_p40","quadratic",1.5,1.23502040183521e-05,0.000232602668098036,0.0191418080663722,0,0.0119541955141558,TRUE,0.0137675779509576,0.000598036876277241,0.35468339918037
149,"B_p40","quadratic",1.5,7.45403562585345e-06,0.000566422761148058,0.00433866841640764,0,0.00504207553872702,TRUE,6.91237742512785e-05,0.000456878204434186,0.121278827962166
150,"B_p40","quadratic",1.5,4.47657030533399e-06,0.00030840837396743,0.0166899990789734,0,0.00592535951211149,TRUE,0.000146146933025837,2.43701247348849e-06,0.0777084892343549
151,"B_p40","quadratic",1.5,0,0.000757521656803921,0.0510939484737634,0,7.3269340835257e-07,TRUE,0.000140990532993657,5.4944020799752e-07,0.0157949289577317
152,"B_p40","quadratic",1.5,3.30545582752917e-05,0.00748422946049535,0.0248528543896301,0,0.00306246919590685,TRUE,0.21607191006571,0.0220559756700196,0.0583824014823073
153,"B_p40","quadratic",1.5,0,0.0039804423487449,0.151540759574238,0,5.64373771462483e-08,TRUE,6.53828731644879e-06,1.69071263655951e-08,0.00809447800324259
154,"B_p40","quadratic",1.5,4.07095931964641e-07,5.06390163296765e-05,6.08162867123304e-05,0,1.11950540424406e-05,TRUE,0.10301260044304,0.039853643773832,0.0633524362901536
155,"B_p40","quadratic",1.5,0.000343230318031074,0.000451066130960901,0.0175652371663537,0,0.150483629220906,TRUE,2.10059921169625e-05,7.30496504397493e-08,0.223690049650301
156,"B_p40","quadratic",1.5,1.19354000238658e-07,8.17724737186039e-05,0.00335901427795002,0,0.00115658848950573,TRUE,0.00219432836871092,4.89276905188962e-05,0.014049616365656
157,"B_p40","quadratic",1.5,4.65666969207135e-07,0.000398724828179802,0.00349345859224021,0,1.71945637292303e-05,TRUE,0,0,0.351799005143074
158,"B_p40","quadratic",1.5,0.000415392666169856,0.000514954960576058,0.0205140945422043,0,0.160196258336348,TRUE,0.26310310973172,0.0213996299260379,0.0475509177377109
159,"B_p40","quadratic",1.5,4.24180688352038e-08,0.00262685162735263,0.0342761061411311,0,0.00327856031985008,TRUE,0.00951285199320262,0.000184437123017855,0.671531980229977
160,"B_p40","quadratic",1.5,5.22535452327499e-05,0.000488655790932218,0.00505075981824654,0,0.162965274617472,TRUE,0.0167277375373339,0.00140578830325255,0.0712793604389512
161,"B_p40","quadratic",1.5,1.93575062528151e-05,0.000723417119778595,0.0131898565444037,0,0.000195161447856236,TRUE,1.88278544643872e-07,1.62873659004248e-09,0.0415119712534988
162,"B_p40","quadratic",1.5,5.69521697246778e-07,0.00260387065562922,0.0571500244976448,0,0.000994973660676237,TRUE,2.84330846364034e-05,5.0032195075822e-06,0.748816732660673
163,"B_p40","quadratic",1.5,1.01752697192481e-05,0.00134804523063231,0.0101914707932569,0,0.000151363761494304,TRUE,0,0,0.238635865379648
164,"B_p40","quadratic",1.5,0,1.84532014250547e-05,0.0438161445885107,0,2.20322533956662e-06,TRUE,2.01108844031239e-05,1.01062785251571e-07,0.176788668201151
165,"B_p40","quadratic",1.5,2.65063578036573e-05,0.000141692942378777,0.00105479773094367,0,0.220015478859041,TRUE,0.000236861443373315,7.87369358212775e-06,0.336350182031619
166,"B_p40","quadratic",1.5,2.06438311655122e-05,0.00205958310298402,0.0107082417974244,0,0.103667196527568,TRUE,0.00890817234314212,9.15076098382261e-05,0.217806466855274
167,"B_p40","quadratic",1.5,1.80651473661309e-05,0.00105182463285318,0.0772640797008923,0,0.0458660949617404,TRUE,1.73915706391803e-07,4.81256797746354e-08,0.207781152957205
168,"B_p40","quadratic",1.5,1.12919263939304e-08,0.000227768132985535,0.0057755164932678,0,6.03736875066921e-06,TRUE,0.00141049536428561,0.000165102445237042,0.0311686334080823
169,"B_p40","quadratic",1.5,1.13439014193251e-05,0.000103890447075307,0.00175791658592723,0,0.00814615233514423,TRUE,1.62759250410538e-07,0,0.108090446660754
170,"B_p40","quadratic",1.5,0.00126429843433939,0.00639782825310155,0.0145840755227458,0,0.00475819218550445,TRUE,0.635695008113859,0.293683935395344,0.0334037239308427
171,"B_p40","quadratic",1.5,1.8705135214736e-05,0.0012212620702914,0.0732031617094836,0,0.00378306454210078,TRUE,0.166537885419034,0.818534024660352,0.0582761256970259
172,"B_p40","quadratic",1.5,0.000230596881362843,0.000241750328984229,0.00822665090999804,0,0.0126482285038223,TRUE,0.0557755645022378,0.0106856656893488,0.210159601672141
173,"B_p40","quadratic",1.5,5.20018014744661e-05,0.0010847204828077,0.00798831862106169,0,0.000234926746560083,TRUE,1.68604690764518e-07,8.67382832225871e-10,0.0364446854899763
174,"B_p40","quadratic",1.5,1.34741561346186e-05,0.00134447536404141,0.0159339671759483,0,0.000632209818077982,TRUE,0.0182144922440182,0.00987453296450158,0.0404995421909089
175,"B_p40","quadratic",1.5,4.21920343796067e-06,0.0019886199800864,0.00582486524419681,0,0.00697250437414605,TRUE,1.50021445499693e-06,4.69880723219518e-08,0.00520019804878369
176,"B_p40","quadratic",1.5,1.79133825106703e-07,6.95641968680664e-05,0.004834999689017,0,0.0038842627880352,TRUE,1.20388022178952e-05,2.65073817118378e-07,0.201778582863979
177,"B_p40","quadratic",1.5,0.000139397179445,0.00288136737304768,0.185171241303242,0,0.00137618510968017,TRUE,0.000109461250649923,1.26787875598389e-06,0.743017006731271
178,"B_p40","quadratic",1.5,2.07636562610247e-07,0.000392388939442273,0.0160932350000752,0,2.13388453314281e-05,TRUE,0.000335179895537663,1.47608080680595e-06,0.182414869691829
179,"B_p40","quadratic",1.5,0.000869196494425406,0.000894910459617397,0.0535258085964662,0,0.168639233970108,TRUE,0.0942640920850919,0.0314266475913385,0.250601960168093
180,"B_p40","quadratic",1.5,2.41010174195644e-06,0.000117373831636868,0.00844674414761147,0,0.00397951281426572,TRUE,0.00828647001782779,0.000543845987198699,0.0598027652971016
181,"B_p40","quadratic",1.5,8.15124926445421e-07,0.000135329716009533,0.00342189144621819,0,0.000151423836187187,TRUE,1.31597893138213e-07,0,0.00113121141844563
182,"B_p40","quadratic",1.5,2.00480636525224e-06,0.000846007297375085,0.0607449193844397,0,0.016768558980167,TRUE,7.25426254621908e-08,0,0.0119076099936426
183,"B_p40","quadratic",1.5,7.04723389866047e-06,0.000303475961037363,0.0539737311702138,0,0.113039882411924,TRUE,0.0991807421645127,0.0274830410816181,0.0187338797670389
184,"B_p40","quadratic",1.5,7.26231802472554e-07,0.00120527224629286,0.0091712882984018,0,6.02173261468219e-05,TRUE,0.000262875011406427,3.13829816567246e-06,0.000427946124453404
185,"B_p40","quadratic",1.5,2.57450511528257e-05,0.00591656671170229,0.0991777288944131,0,0.00177046354004228,TRUE,0.00841097353557407,0.000160994323931241,0.50180395330867
186,"B_p40","quadratic",1.5,0.000857400915623696,0.000288512456660446,0.00560631887228023,0,0.0234263472914248,TRUE,0.00282919448686592,0.0098149386594506,0.0528393348276366
187,"B_p40","quadratic",1.5,0.000194237898239802,0.00119309586374467,0.0435262013221032,0,0.0145953690793925,TRUE,0.532793279930131,0.228712023289716,0.021890162428708
188,"B_p40","quadratic",1.5,0,0.000294490863129688,0.00184036521859938,0,2.82101156737713e-07,TRUE,4.40170322846267e-05,7.18293599277775e-06,0.000801716380495199
189,"B_p40","quadratic",1.5,8.99250708341626e-08,0.00185535256735686,0.00393331830489187,0,8.82804846796287e-06,TRUE,0.000203336671725785,0.00534973189264143,0.162214991103831
190,"B_p40","quadratic",1.5,0.000652490327025967,0.00019665495148185,0.0188397895333898,0,0.0554381967816433,TRUE,1.0585852224132e-05,1.35851543348053e-08,0.24517795198941
191,"B_p40","quadratic",1.5,0.00168046124705168,0.0108595357873535,0.16664039849515,0,0.097527410399456,TRUE,0.179265791058025,0.0526145035357876,0.0929165969613353
192,"B_p40","quadratic",1.5,0.000164058369473308,0.000231940808886149,0.0630546166709367,0,0.0515333646671691,TRUE,0.082570358043633,0.00726450059346639,0.300886094572437
193,"B_p40","quadratic",1.5,2.74971512603805e-06,7.18563332688296e-05,0.00585918933356193,0,0.0019371525884106,TRUE,0.170575241590791,0.0222527107461731,0.00995141129582455
194,"B_p40","quadratic",1.5,1.59784108522132e-06,0.00795185832457401,0.0382796891343088,0,1.94286797325767e-06,TRUE,2.45970572942955e-06,3.4652505775945e-07,0.00206720061284682
195,"B_p40","quadratic",1.5,0.000120883936716165,0.000250750197422117,0.0110793125194967,0,0.134684410155073,TRUE,0.0097309358643578,0.000139603597165472,0.544567905744374
196,"B_p40","quadratic",1.5,7.83178638608106e-08,0.000129557010290612,0.0515087279753845,0,3.13177232514555e-05,TRUE,3.72375338897335e-08,2.84056720367687e-08,0.213497136308934
197,"B_p40","quadratic",1.5,7.16539212766154e-05,3.87207717838395e-05,0.000207021591828259,0,0.119686080232991,TRUE,0.000774757290581407,0.0124288511936532,0.171902714684574
198,"B_p40","quadratic",1.5,0,0.00531984066776646,0.0999325632436505,0,0.000213770938059896,TRUE,9.65734080260461e-07,7.10975056605889e-09,0.661409205699901
199,"B_p40","quadratic",1.5,2.09774757609082e-06,0.000893266046914005,0.0572059593412505,0,0.00334267978200173,TRUE,0.000141851467052589,6.54456675652781e-06,0.0253284399657272
200,"B_p40","quadratic",1.5,4.86995601656215e-06,0.000117745204645078,0.0027946881540716,0,0.0304574114261504,TRUE,0.0550770834405097,0.00306221471725654,0.441573194036455
201,"B_p40","quadratic",1.5,1.03350171754002e-07,8.77895339713709e-05,0.000543134052937395,0,0.000154877495661094,TRUE,2.23895185724743e-07,5.26147569956947e-08,0.575449755201532
202,"B_p40","quadratic",1.5,3.57886444035671e-07,0.00283620468991021,0.00738395145528381,0,0.00705590412587889,TRUE,0.00838278165536899,0.0153626140620009,0.00160161964376981
203,"B_p40","quadratic",1.5,2.98969759304768e-06,0.00285636958756745,0.0189568706797636,0,0.00380706343228694,TRUE,5.2974710180731e-06,2.62325750011172e-08,0.0809735119781783
204,"B_p40","quadratic",1.5,0,7.03279701539743e-06,0.000896462790775557,0,5.10218924668669e-06,TRUE,5.18232838864208e-08,0,0.125798903039336
205,"B_p40","quadratic",1.5,8.97612775729861e-06,0.000156164597510698,0.00301587878168013,0,0.000291224396754439,TRUE,0.000164415391576189,0.000104888981646067,0.0110121513050725
206,"B_p40","quadratic",1.5,8.15350909721957e-06,0.000482136352281523,0.00586538712605268,0,0.000106943543314395,TRUE,0.0156247760549311,0.0020596415786388,0.205312031698356
207,"B_p40","quadratic",1.5,2.1807823013642e-05,0.00363855681325781,0.0136517227312073,0,0.00114689363091729,TRUE,0.000156729860734117,1.16726097443287e-06,0.0668416585854477
208,"B_p40","quadratic",1.5,2.97829552823314e-05,0.00957759817985139,0.0437593742691893,0,0.00020233196404153,TRUE,0.00138255929021946,0.0014401373464461,0.0655306967514298
209,"B_p40","quadratic",1.5,3.75414402675744e-06,0.000740685716512279,0.00240791786583615,0,0.000894580163483331,TRUE,7.32448205752467e-05,3.98113998734129e-06,0.0247358987150541
210,"B_p40","quadratic",1.5,0,0.000532605756179737,0.0145180370472338,0,4.92561809324211e-09,TRUE,0,0,0.113974826804446
211,"B_p40","quadratic",1.5,0,0.00137914489542064,0.0207439396156519,0,2.56276773415924e-06,TRUE,2.79035234673763e-06,3.00649723783408e-07,0.172887886562624
212,"B_p40","quadratic",1.5,0.0311707365589469,0.00696878660024301,0.0201730448509235,0,0.003156349247428,TRUE,0.00610004839032774,0.00099250404375073,0.174077742250007
213,"B_p40","quadratic",1.5,5.88310708593553e-07,0.000382246445834195,0.00147155760565571,0,0.000208407626895477,TRUE,5.7305371373384e-05,5.61447975766516e-06,0.071107895672216
214,"B_p40","quadratic",1.5,1.85554220618611e-05,0.000761160016157449,0.0213740200413701,0,0.000264445062968544,TRUE,0.148618178668198,0.275395091310932,0.0784676283997952
215,"B_p40","quadratic",1.5,1.54621639669728e-06,0.0109064274280083,0.0319767752688589,0,1.02083859171099e-07,TRUE,0.0199449459107671,0.000660482717144806,0.177683580972625
216,"B_p40","quadratic",1.5,3.98597257811328e-06,0.00136422883903997,0.0360261432038897,0,0.00117652027895053,TRUE,0.00322541264774501,9.99509073889016e-05,0.0578858805859181
217,"B_p40","quadratic",1.5,1.2661104800471e-05,0.000612883748721219,0.0322732967366547,0,0.0266542128899392,TRUE,3.47688044943784e-06,6.85009691192562e-08,0.289134197371804
218,"B_p40","quadratic",1.5,6.4788796547699e-06,0.0014944538052889,0.0543921324314844,0,7.21913453853932e-06,TRUE,4.2093751817518e-08,0,0.940116615732431
219,"B_p40","quadratic",1.5,2.81771029619904e-07,8.9269986031409e-05,0.00297244790851521,0,5.00487382980641e-06,TRUE,2.72824264291316e-08,0,0.0436144336523372
220,"B_p40","quadratic",1.5,1.27572990150648e-05,0.000525263615244649,0.000247215503752519,0,0.035472634617944,TRUE,1.68846225889752e-08,4.47860970531622e-09,0.405740051013748
221,"B_p40","quadratic",1.5,1.2794180769049e-05,0.00666517177648531,0.0159507733717692,0,0.00133204829066169,TRUE,0.667249081797581,0.822749675199947,0.0615984835575492
222,"B_p40","quadratic",1.5,3.37069310665239e-05,4.12042566291987e-05,0.00073408771300965,0,0.00757590099277075,TRUE,0.2470151802612,0.00852873552350353,0.0831171523612371
223,"B_p40","quadratic",1.5,5.27569540198503e-06,0.00228605680588921,0.131590308755548,0,0.00193326314237494,TRUE,1.10769206245198e-05,8.98401581128638e-07,0.159396410682584
224,"B_p40","quadratic",1.5,2.01277958733481e-06,0.00739545237828177,0.0172539303489107,0,6.54708218928929e-07,TRUE,0.0350706697553139,0.00322905490733272,0.0114951339549776
225,"B_p40","quadratic",1.5,6.70976784489241e-06,0.000640694257104239,0.0325110543920845,0,0.0122337030829382,TRUE,0.0226944021090121,0.00231871496513381,0.33898185053321
226,"B_p40","quadratic",1.5,0.000228390614739449,0.000350615296476015,0.0318534656895835,0,0.0240076268305242,TRUE,0.000250719928458931,1.50707971102726e-06,0.710502805223486
227,"B_p40","quadratic",1.5,2.09826816366387e-07,0.000198233683879564,0.0203707503299069,0,0.00912700944142092,TRUE,0.0255733970779995,0.00045917782229854,0.515402278677539
228,"B_p40","quadratic",1.5,6.5888069988862e-06,5.39578874282052e-06,0.000121440455597919,0,0.00411221205327638,TRUE,5.8846036778748e-05,4.44478654282321e-06,0.0826024534038348
229,"B_p40","quadratic",1.5,0.001266243307815,0.00343881948282684,0.0427850723055257,0,0.0487159943563101,TRUE,0.059394562885501,0.0324524852732353,0.0153880659760441
230,"B_p40","quadratic",1.5,0.000606027001599507,0.00336998804891704,0.229972882211296,0,0.185234624306174,TRUE,0.08958230660336,0.00556537384867362,0.148711337964662
231,"B_p40","quadratic",1.5,3.78923826007682e-05,0.000829460729397783,0.0241328557878342,0,0.00587042043869288,TRUE,0.394746690094706,0.282576781551836,0.0169706558991716
232,"B_p40","quadratic",1.5,2.09524606324951e-05,2.81486947113468e-05,0.00142592061337572,0,0.000873389111363778,TRUE,2.87207180527105e-06,4.84639550712984e-08,0.146081418731141
233,"B_p40","quadratic",1.5,0.000326201396863568,0.0134957380898323,0.101450859779404,0,0.0100233510130974,TRUE,0.00658938812981269,0.00199788029941472,0.238786817131152
234,"B_p40","quadratic",1.5,1.36592171318117e-06,0.00099535487522713,0.00858795987026659,0,0.0342273410932687,TRUE,0.0109449166570168,0.000349356492670427,0.412022547470974
235,"B_p40","quadratic",1.5,1.06025482282668e-07,0.000729673871213204,0.0406001449403433,0,0.00277279128526459,TRUE,2.03087345548303e-05,3.55786998529339e-07,0.057409809164638
236,"B_p40","quadratic",1.5,2.64499901024839e-05,5.34865190445531e-05,0.00899437076880368,0,0.00496191229820531,TRUE,5.78917890603492e-06,2.48234525157542e-07,1
237,"B_p40","quadratic",1.5,4.15699453315543e-06,0.00342499779267496,0.0112075499024445,0,0.000925934284676429,TRUE,2.10499090833594e-05,8.4951024326152e-07,0.309771509402929
238,"B_p40","quadratic",1.5,0.0014589859131805,0.000921095277203074,0.0609645985437167,0,0.17740037800528,TRUE,2.95069184641505e-08,4.37749048121105e-09,0.0405261869373208
239,"B_p40","quadratic",1.5,1.14758457703257e-06,0.000346335282228253,0.0034919942216189,0,0.000198551186745679,TRUE,0,0,0.236147693189925
240,"B_p40","quadratic",1.5,0.000529978958795918,0.00200316405462393,0.169088509330659,0,0.0143362796663015,TRUE,3.61200954768215e-05,9.93187293962805e-07,0.446907548948251
241,"B_p40","quadratic",1.5,7.04188766250669e-05,3.94901183982803e-05,0.0241073519020953,0,0.0692971428346389,TRUE,8.54355171799881e-05,2.19563558077063e-05,1
242,"B_p40","quadratic",1.5,1.92300115020583e-05,0.00775681340651077,0.147497882693156,0,0.000488774214981039,TRUE,1.01696725468559e-05,1.46174106886443e-05,0.131782143621734
243,"B_p40","quadratic",1.5,4.11012692846935e-06,0.012696350400632,0.0499807835324596,0,0.00751513043044333,TRUE,0.000233093372124404,1.52752044191296e-06,0.137396042801545
244,"B_p40","quadratic",1.5,1.21778218953317e-07,0.000158487184423257,0.00713598489737406,0,0.0122694186249869,TRUE,0.00311000111252779,0.000352590457235125,0.0536039764163301
245,"B_p40","quadratic",1.5,0.00026745719913035,0.00114253746535416,0.00678246142373034,0,0.00331396391754203,TRUE,0.00607932085116758,0.000151925508270145,0.0380105287020736
246,"B_p40","quadratic",1.5,2.19789140949445e-05,0.00246738448845238,0.00584181692564194,0,0.00115553857005335,TRUE,0.000152115235717676,6.24789975511852e-06,0.0655992902502445
247,"B_p40","quadratic",1.5,0.000944886157207114,0.00594024975769113,0.127487645271869,0,0.225305088184413,TRUE,0.274066733394561,0.0664860784950321,0.0169544787941798
248,"B_p40","quadratic",1.5,0.0002576919010715,0.0128282629343862,0.0998597023016358,0,0.064967260591895,TRUE,0.0144909568816267,0.00322906258442757,0.0968710083627744
249,"B_p40","quadratic",1.5,0,0.00105840363342637,0.0734238335233209,0,3.52810599449199e-06,TRUE,3.12505249810968e-05,2.69122032625635e-05,0.124790557249896
250,"B_p40","quadratic",1.5,0.000385097536015566,3.49235003343988e-05,0.00448981518818421,0,0.0334636141147225,TRUE,0.00817772857521015,0.00247859368838266,0.527210939456205
251,"B_p40","quadratic",1.5,9.72238886276511e-06,0.000190943349167184,0.00106101040020334,0,0.00507690194527708,TRUE,9.24277965275166e-09,0,0.469938191174468
252,"B_p40","quadratic",1.5,0,5.35991490738034e-05,0.00228608610577005,0,1.6355559772667e-05,TRUE,0,0,0.957453374580628
253,"B_p40","quadratic",1.5,2.58685117771051e-08,0.00150638022213791,0.0442734795726989,0,5.58988931677992e-05,TRUE,8.34314617947918e-07,1.08497333339841e-09,0.0293692067002069
254,"B_p40","quadratic",1.5,1.02302318847336e-05,0.00015724523816417,0.00156715849640903,0,0.0018064119060468,TRUE,1.02357385581842e-05,6.60176360245401e-08,0.499349171145642
255,"B_p40","quadratic",1.5,0,0.00733164450789949,0.0191325641022208,0,6.0042580851742e-05,TRUE,0,0,0.0328504196574508
256,"B_p40","quadratic",1.5,1.21283752561041e-05,0.000194318783714678,0.00582130434618349,0,0.00208337772649451,TRUE,2.52200966053273e-05,1.77901154196913e-06,0.150299238130806
257,"B_p40","quadratic",1.5,5.37551941959258e-06,0.000225027714026251,0.0230609789628611,0,0.000462529332904146,TRUE,6.1091995906537e-09,6.69783117857037e-10,0.566398748887983
258,"B_p40","quadratic",1.5,3.06362900782675e-05,0.000744176381794453,0.0217931867561059,0,0.266793239625132,TRUE,1.67893226699078e-06,4.77276977717267e-07,0.0142901269418019
259,"B_p40","quadratic",1.5,0.00542327254276265,0.00104214961444973,0.0517271319732429,0,0.0442602898536676,TRUE,3.22300405797282e-06,1.02093760867561e-06,0.805025491796949
260,"B_p40","quadratic",1.5,0.000337079003271068,0.00348409085957815,0.0191716487606634,0,0.0312715126517481,TRUE,0.00227225546398158,0.000623998141625837,0.240389451399794
261,"B_p40","quadratic",1.5,1.65897352522038e-08,0.000391511613351019,0.000349383668474742,0,0.00284165008275143,TRUE,9.39413762557351e-07,2.60134664920031e-08,0.208617099631863
262,"B_p40","quadratic",1.5,4.02629291962331e-05,0.00012110993355064,0.000390928238677011,0,0.0353571916797298,TRUE,0.00059888246909956,6.11048215755083e-05,0.0341818385017951
263,"B_p40","quadratic",1.5,0.00118488675304806,4.90098480941805e-05,0.00713120783514331,0,0.726720855134928,TRUE,0.00206419136678737,0.000151848442075275,0.263397437645904
264,"B_p40","quadratic",1.5,0.00142738642378548,0.00106191363471726,0.0119204391051785,0,0.0223673513470419,TRUE,0,0,0.244548662442334
265,"B_p40","quadratic",1.5,0.000337126591422265,0.0012161377517625,0.0236984527219563,0,0.116957958114403,TRUE,0.510210277645682,0.346707177567811,0.0437757602544981
266,"B_p40","quadratic",1.5,1.47427717400728e-05,0.000124628457157921,0.0156196782002091,0,0.00234847465626594,TRUE,0.000162930939072603,7.99991996536242e-07,0.568609891061001
267,"B_p40","quadratic",1.5,0.000576763443744466,0.00354531531562111,0.166797634422196,0,0.12365326520936,TRUE,1.20611808934745e-05,5.02375063771154e-08,0.158611044951428
268,"B_p40","quadratic",1.5,3.94646798573817e-07,0.000244691069094036,0.00540121536788243,0,0.00843850724351493,TRUE,0.00915433741603755,0.000968432606556324,0.201950845125325
269,"B_p40","quadratic",1.5,0.00032312689946612,0.000564157825417799,0.002383272692347,0,0.00442408175013827,TRUE,0.00834492248839536,0.00528425080497641,0.124675617410603
270,"B_p40","quadratic",1.5,9.93441680030571e-08,0.00201672645825989,0.017373502917704,0,7.72121323862444e-05,TRUE,3.69558994517405e-08,0,0.490881503629741
271,"B_p40","quadratic",1.5,9.58100124481831e-05,4.44020659406557e-05,0.0191379101280437,0,0.0319863719723522,TRUE,0.112164075126237,0.0108598277710483,0.538862086132142
272,"B_p40","quadratic",1.5,0.000321571771857654,5.15137387085153e-05,0.00403727335743121,0,0.000610972113195775,TRUE,3.04838035904975e-05,3.74750050324835e-07,0.71577432428157
273,"B_p40","quadratic",1.5,6.52773928355721e-07,7.25779802650404e-05,0.000226372593975519,0,0.000955457336604917,TRUE,1.14701353415292e-08,0,0.0244052394166243
274,"B_p40","quadratic",1.5,1.33874627346042e-05,0.00012893814393218,0.00637226567645017,0,0.0358498937152042,TRUE,0.000507997086577117,9.12442869552832e-05,0.18103583819431
275,"B_p40","quadratic",1.5,9.54391632390639e-07,4.47129990439011e-05,0.23840916144814,0,0.00542777171361519,TRUE,0.270887417370329,0.0392363809197431,0.258149144183288
276,"B_p40","quadratic",1.5,0.00656839376843577,0.000765817638635203,0.245735623715868,0,0.00604106006235018,TRUE,0.37372087124685,0.135572631367981,0.0460770102126808
277,"B_p40","quadratic",1.5,1.51824945859858e-06,0.00073788637718088,0.0107549693462991,0,0.00042516702552322,TRUE,0,0,0.0756697659566312
278,"B_p40","quadratic",1.5,2.47513094557839e-05,0.000623123918879212,0.00445583089514522,0,0.000577174632579923,TRUE,5.15830472447298e-07,3.14279873236956e-08,0.0133100186889736
279,"B_p40","quadratic",1.5,3.17173650669078e-05,0.000619795543709773,0.0297020178633536,0,0.00550517416659935,TRUE,0.000198040672529487,2.1424341295484e-06,0.00924657731560319
280,"B_p40","quadratic",1.5,2.30923947963646e-07,0.000150718903173649,0.0172250717879514,0,0.0114731097243764,TRUE,0.000190177342379361,9.80941156025761e-06,0.228655013314807
281,"B_p40","quadratic",1.5,9.08714794334298e-06,0.00112259533452718,0.126714448421115,0,0.0195989071374103,TRUE,0.00222540966520857,0.000234484878884555,0.0472384310003893
282,"B_p40","quadratic",1.5,0.000526567297648772,0.000295978623368422,0.00928343196853053,0,0.000604400215207352,TRUE,4.16819240570687e-05,1.79882142148369e-06,0.737590818219732
283,"B_p40","quadratic",1.5,1.01613720026039e-05,0.0070227613041963,0.12262599208324,0,0.000362345607965168,TRUE,0.0187949985391909,0.00278971895937408,0.21302539145647
284,"B_p40","quadratic",1.5,0.00657234477541202,0.00204807905463967,0.0633935438609667,0,0.187634134418826,TRUE,0.0228760502723622,0.0796709591322434,0.689823594064045
285,"B_p40","quadratic",1.5,3.4805688670092e-06,0.00652219063037084,0.149299485139258,0,0.000584476515981731,TRUE,3.15988618604379e-08,3.9968046650074e-09,0.183527111791791
286,"B_p40","quadratic",1.5,2.40479494084678e-05,0.000284095030261023,0.117199698422662,0,0.019024761779126,TRUE,0.216479654994003,0.0453980375782856,0.114549857552875
287,"B_p40","quadratic",1.5,0.00264028467720712,0.00230957880466198,0.0597501083958145,0,0.196008840011956,TRUE,1.06360240614833e-08,1.65704332477645e-08,0.235227688477678
288,"B_p40","quadratic",1.5,0,0.00177971955426035,0.00217497413959336,0,0.000530709343544864,TRUE,0.000356799106287498,4.18920918510146e-06,0.0507205870104954
289,"B_p40","quadratic",1.5,2.89062465474998e-06,0.00161175123922045,0.0175756212899427,0,0.0181194900918269,TRUE,0.0132484623946401,0.00164164364886932,0.0725325458973254
290,"B_p40","quadratic",1.5,2.14767469792765e-05,0.00089210542259694,0.0177605654496831,0,0.0027413036322118,TRUE,2.93706186889064e-05,6.72403940082944e-06,0.147334941892923
291,"B_p40","quadratic",1.5,0.00181988361805652,0.000403669173021689,0.00546984235032107,0,0.122780759318544,TRUE,0.000284584972546686,0.00033492804098112,0.168470565535747
292,"B_p40","quadratic",1.5,7.49685401535416e-08,0.000256098640836045,0.0116654521109205,0,0.00234855278723674,TRUE,0.00540042005504615,0.0376373527501777,0.0388282296871192
293,"B_p40","quadratic",1.5,0.000142632526620279,0.00103502897616593,0.0131076879430361,0,0.00411878692871133,TRUE,0.000266554801819918,7.95388019236842e-06,0.735679650653591
294,"B_p40","quadratic",1.5,2.31014068985402e-09,0.000308628855625274,0.09665816043647,0,0.000664376649043155,TRUE,0,0,0.156467451907023
295,"B_p40","quadratic",1.5,9.69583383827466e-05,0.0064462956734266,0.00733102038004833,0,0.0841230756892113,TRUE,2.98453240052954e-05,4.4717096370217e-07,0.222104946089777
296,"B_p40","quadratic",1.5,1.82749251287362e-08,0.000129189509440185,0.000564787111125197,0,5.07994595730532e-05,TRUE,6.69871839558134e-05,1.11703576244349e-06,0.0190101265195839
297,"B_p40","quadratic",1.5,2.07153849229869e-06,4.2739583863526e-05,0.00991183261811692,0,0.00827765633124659,TRUE,0.00930527166181894,0.000308042959879296,0.018654962376474
298,"B_p40","quadratic",1.5,0.000157451632127104,0.00213126201704802,0.0211532354737039,0,0.0308278176715211,TRUE,3.53753441206806e-07,1.02806496649066e-09,0.0710628272177174
299,"B_p40","quadratic",1.5,5.63170420444514e-05,0.000167502492689744,0.0326212181777621,0,0.0140316731544619,TRUE,0.0555021539683846,0.00686341638115862,0.0530714548295068
300,"B_p40","quadratic",1.5,4.05184745273512e-05,0.000176126283168572,0.00307493521600852,0,0.0257231456223003,TRUE,0.0303362666990961,0.0135754512396695,0.722085543855757
